,등록일시분초,사망자수,확진자 수,게시글 번호,기준일,기준시간,수정일시분초,누적 의심 검사 수,누적 확진률
790,2020-03-10 00:00:00.000,54,7513,51,20200310,00:00,2021-10-07 10:30:51.51,210144.0,3.919308057
789,2020-03-11 00:00:00.000,60,7755,52,20200311,00:00,2021-10-07 10:30:51.51,222395.0,3.804174536
788,2020-03-12 00:00:00.000,66,7869,53,20200312,00:00,2021-10-07 10:30:51.51,234998.0,3.621744273
787,2020-03-13 00:00:00.000,67,7979,54,20200313,00:00,2021-10-07 10:30:51.51,248647.0,3.458499309
786,2020-03-14 00:00:00.000,72,8086,55,20200314,00:00,2021-10-07 10:30:51.51,261335.0,3.318000336
785,2020-03-15 00:00:00.000,75,8162,56,20200315,00:00,2021-10-07 10:30:51.51,268212.0,3.239660237
784,2020-03-16 00:00:00.000,75,8236,57,20200316,00:00,2021-10-07 10:30:51.51,274504.0,3.173392208
783,2020-03-17 00:00:00.000,81,8320,58,20200317,00:00,2021-10-07 10:30:51.51,286716.0,3.088057901
782,2020-03-18 00:00:00.000,84,8413,59,20200318,00:00,2021-10-07 10:30:51.51,295647.0,3.012162506
781,2020-03-19 00:00:00.000,91,8565,60,20200319,00:00,2021-10-07 10:30:51.51,307024.0,2.942085738
780,2020-03-20 00:00:00.000,94,8652,61,20200320,00:00,2021-10-07 10:30:51.51,316664.0,2.873091828
779,2020-03-21 00:00:00.000,102,8799,62,20200321,00:00,2021-10-07 10:30:51.51,327509.0,2.82195603
778,2020-03-22 00:00:00.000,104,8897,63,20200322,00:00,2021-10-07 10:30:51.51,331780.0,2.804501324
777,2020-03-23 00:00:00.000,111,8961,64,20200323,00:00,2021-10-07 10:30:51.51,338036.0,2.762262336
776,2020-03-24 00:00:00.000,120,9037,65,20200324,00:00,2021-10-07 10:30:51.51,348582.0,2.712657065
775,2020-03-25 00:00:00.000,126,9137,66,20200325,00:00,2021-10-07 10:30:51.51,357896.0,2.659057442
774,2020-03-26 00:00:00.000,131,9241,67,20200326,00:00,2021-10-07 10:30:51.51,364942.0,2.635970254
773,2020-03-27 00:00:00.000,139,9332,68,20200327,00:00,2021-10-07 10:30:51.51,376961.0,2.579739151
772,2020-03-28 00:00:00.000,144,9478,69,20200328,00:00,2021-10-07 10:30:51.51,387925.0,2.552233541
771,2020-03-29 00:00:00.000,152,9583,70,20200329,00:00,2021-10-07 10:30:51.51,394141.0,2.527742388
770,2020-03-30 00:00:00.000,158,9661,71,20200330,00:00,2021-10-07 10:30:51.51,398902.0,2.506934876
769,2020-03-31 00:00:00.000,162,9786,72,20200331,00:00,2021-10-07 10:30:51.51,410564.0,2.485825764
768,2020-04-01 00:00:00.000,165,9887,73,20200401,00:00,2021-10-07 10:30:51.51,421547.0,2.441463644
767,2020-04-02 00:00:00.000,169,9976,74,20200402,00:00,2021-10-07 10:30:51.51,431743.0,2.410488622
766,2020-04-03 00:00:00.000,174,10062,75,20200403,00:00,2021-10-07 10:30:51.51,443273.0,2.371072072
765,2020-04-04 00:00:00.000,177,10156,76,20200404,00:00,2021-10-07 10:30:51.51,455032.0,2.33531392
764,2020-04-05 00:00:00.000,183,10237,77,20200405,00:00,2021-10-07 10:30:51.51,461233.0,2.317835811
763,2020-04-06 00:00:00.000,186,10284,78,20200406,00:00,2021-10-07 10:30:51.51,466804.0,2.298054341
762,2020-04-07 00:00:00.000,192,10331,79,20200407,00:00,2021-10-07 10:30:51.51,477304.0,2.262325524
761,2020-04-08 00:00:00.000,200,10384,80,20200408,00:00,2021-10-07 10:30:51.51,486003.0,2.218116182
760,2020-04-09 00:00:00.000,204,10423,81,20200409,00:00,2021-10-07 10:30:51.51,494711.0,2.175074395
759,2020-04-10 00:00:00.000,208,10450,82,20200410,00:00,2021-10-07 10:30:51.51,503051.0,2.142477853
758,2020-04-11 00:00:00.000,211,10480,83,20200411,00:00,2021-10-07 10:30:51.51,510479.0,2.111162368
757,2020-04-12 00:00:00.000,214,10512,84,20200412,00:00,2021-10-07 10:30:51.51,514621.0,2.098903227
756,2020-04-13 00:00:00.000,217,10537,85,20200413,00:00,2021-10-07 10:30:51.51,518743.0,2.08508129
755,2020-04-14 00:00:00.000,222,10564,86,20200414,00:00,2021-10-07 10:30:51.51,527438.0,2.060114628
754,2020-04-15 00:00:00.000,225,10591,87,20200415,00:00,2021-10-07 10:30:51.51,534552.0,2.038589022
753,2020-04-16 00:00:00.000,229,10613,88,20200416,00:00,2021-10-07 10:30:51.51,538775.0,2.023423901
752,2020-04-17 00:00:00.000,230,10635,89,20200417,00:00,2021-10-07 10:30:51.51,546463.0,1.998019828
751,2020-04-18 00:00:00.000,232,10653,90,20200418,00:00,2021-10-07 10:30:51.51,554834.0,1.968098078
750,2020-04-19 00:00:00.000,234,10661,91,20200419,00:00,2021-10-07 10:30:51.51,559109.0,1.949472083
749,2020-04-20 00:00:00.000,236,10674,92,20200420,00:00,2021-10-07 10:30:51.51,563035.0,1.937015247
748,2020-04-21 00:00:00.000,237,10683,93,20200421,00:00,2021-10-07 10:30:51.51,571014.0,1.913511364
747,2020-04-22 00:00:00.000,238,10694,94,20200422,00:00,2021-10-07 10:30:51.51,577959.0,1.88994023
746,2020-04-23 00:00:00.000,240,10702,95,20200423,00:00,2021-10-07 10:30:51.51,583971.0,1.865005786
745,2020-04-24 00:00:00.000,240,10708,96,20200424,00:00,2021-10-07 10:30:51.51,589520.0,1.846461581
744,2020-04-25 00:00:00.000,240,10718,97,20200425,00:00,2021-10-07 10:30:51.51,595161.0,1.829316166
743,2020-04-26 00:00:00.000,242,10728,98,20200426,00:00,2021-10-07 10:30:51.51,598285.0,1.820508208
742,2020-04-27 00:00:00.000,243,10738,99,20200427,00:00,2021-10-07 10:30:51.51,601660.0,1.811510464
741,2020-04-28 00:00:00.000,244,10752,100,20200428,00:00,2021-10-07 10:30:51.51,608514.0,1.794060179
740,2020-04-29 00:00:00.000,246,10761,101,20200429,00:00,2021-10-07 10:30:51.51,614197.0,1.776064962
739,2020-04-30 00:00:00.000,247,10765,102,20200430,00:00,2021-10-07 10:30:51.51,619881.0,1.761153838
738,2020-05-01 00:00:00.000,248,10774,103,20200501,00:00,2021-10-07 10:30:51.51,623069.0,1.753626397
737,2020-05-02 00:00:00.000,250,10780,104,20200502,00:00,2021-10-07 10:30:51.51,627562.0,1.741332911
736,2020-05-03 00:00:00.000,250,10793,105,20200503,00:00,2021-10-07 10:30:51.51,630973.0,1.734135623
735,2020-05-04 00:00:00.000,252,10801,106,20200504,00:00,2021-10-07 10:30:51.51,633921.0,1.726102486
734,2020-05-05 00:00:00.000,254,10804,107,20200505,00:00,2021-10-07 10:30:51.51,640237.0,1.711175063
733,2020-05-06 00:00:00.000,255,10806,108,20200506,00:00,2021-10-07 10:30:51.51,643095.0,1.701501844
732,2020-05-07 00:00:00.000,256,10810,109,20200507,00:00,2021-10-07 10:30:51.51,649388.0,1.686535332
731,2020-05-08 00:00:00.000,256,10822,110,20200508,00:00,2021-10-07 10:30:51.51,654863.0,1.675242571
730,2020-05-09 00:00:00.000,256,10840,111,20200509,00:00,2021-10-07 10:30:51.51,660030.0,1.665445238
729,2020-05-10 00:00:00.000,256,10874,112,20200510,00:00,2021-10-07 10:30:51.51,663886.0,1.663306606
728,2020-05-11 00:00:00.000,256,10909,113,20200511,00:00,2021-10-07 10:30:51.51,668492.0,1.658986876
727,2020-05-12 00:00:00.000,258,10936,114,20200512,00:00,2021-10-07 10:30:51.51,680890.0,1.645600096
726,2020-05-13 00:00:00.000,259,10962,115,20200513,00:00,2021-10-07 10:30:51.51,695920.0,1.62078005
725,2020-05-15 00:00:00.000,260,11018,117,20200515,00:00,2021-10-07 10:30:51.51,726747.0,1.558698039
724,2020-05-16 00:00:00.000,262,11037,118,20200516,00:00,2021-10-07 10:30:51.51,740645.0,1.528031211
723,2020-05-17 00:00:00.000,262,11050,119,20200517,00:00,2021-10-07 10:30:51.51,747653.0,1.513713145
722,2020-05-18 00:00:00.000,263,11065,120,20200518,00:00,2021-10-07 10:30:51.51,753211.0,1.501116511
721,2020-05-19 00:00:00.000,263,11078,121,20200519,00:00,2021-10-07 10:30:51.51,765574.0,1.479732158
720,2020-05-20 00:00:00.000,263,11110,122,20200520,00:00,2021-10-07 10:30:51.51,776433.0,1.461684397
719,2020-05-21 00:00:00.000,264,11122,123,20200521,00:00,2021-10-07 10:30:51.51,788684.0,1.443300307
718,2020-05-22 00:00:00.000,264,11142,124,20200522,00:00,2021-10-07 10:30:51.51,802418.0,1.42456772
717,2020-05-23 00:00:00.000,266,11165,125,20200523,00:00,2021-10-07 10:30:51.51,814420.0,1.408209109
716,2020-05-24 00:00:00.000,266,11190,126,20200524,00:00,2021-10-07 10:30:51.51,820289.0,1.398826935
715,2020-05-25 00:00:00.000,267,11206,127,20200525,00:00,2021-10-07 10:30:51.51,826437.0,1.388001209
714,2020-05-26 00:00:00.000,269,11225,128,20200526,00:00,2021-10-07 10:30:51.51,839475.0,1.373204589
713,2020-05-27 00:00:00.000,269,11265,129,20200527,00:00,2021-10-07 10:30:51.51,852876.0,1.354267475
712,2020-05-28 00:00:00.000,269,11344,130,20200528,00:00,2021-10-07 10:30:51.51,868666.0,1.340429353
711,2020-05-29 00:00:00.000,269,11402,131,20200529,00:00,2021-10-07 10:30:51.51,885120.0,1.324946576
710,2020-05-30 00:00:00.000,269,11441,132,20200530,00:00,2021-10-07 10:30:51.51,902901.0,1.305151819
709,2020-05-31 00:00:00.000,270,11468,133,20200531,00:00,2021-10-07 10:30:51.51,910822.0,1.292128248
708,2020-06-01 00:00:00.000,271,11503,134,20200601,00:00,2021-10-07 10:30:51.51,921391.0,1.281909837
707,2020-06-02 00:00:00.000,272,11541,135,20200602,00:00,2021-10-07 10:30:51.51,939851.0,1.266948357
706,2020-06-03 00:00:00.000,273,11590,136,20200603,00:00,2021-10-07 10:30:51.51,956852.0,1.247595499
705,2020-06-04 00:00:00.000,273,11629,137,20200604,00:00,2021-10-07 10:30:51.51,973858.0,1.229724457
704,2020-06-05 00:00:00.000,273,11668,138,20200605,00:00,2021-10-07 10:30:51.51,990960.0,1.212645267
703,2020-06-06 00:00:00.000,273,11719,139,20200606,00:00,2021-10-07 10:30:51.51,1005305.0,1.199057452
702,2020-06-07 00:00:00.000,273,11776,140,20200607,00:00,2021-10-07 10:30:51.51,1012769.0,1.193971741
701,2020-06-08 00:00:00.000,273,11813,141,20200608,00:00,2021-10-07 10:30:51.51,1018214.0,1.188621911
700,2020-06-09 00:00:00.000,274,11851,142,20200609,00:00,2021-10-07 10:30:51.51,1035997.0,1.175067276
699,2020-06-10 00:00:00.000,276,11901,143,20200610,00:00,2021-10-07 10:30:51.51,1051972.0,1.160225357
698,2020-06-11 00:00:00.000,276,11946,144,20200611,00:00,2021-10-07 10:30:51.51,1066888.0,1.147116269
697,2020-06-12 00:00:00.000,277,12002,145,20200612,00:00,2021-10-07 10:30:51.51,1081486.0,1.135217859
696,2020-06-13 00:00:00.000,277,12050,146,20200613,00:00,2021-10-07 10:30:51.51,1094704.0,1.124747049
695,2020-06-14 00:00:00.000,277,12084,147,20200614,00:00,2021-10-07 10:30:51.51,1100327.0,1.119955958
694,2020-06-15 00:00:00.000,277,12121,148,20200615,00:00,2021-10-07 10:30:51.51,1105719.0,1.117219055
693,2020-06-16 00:00:00.000,278,12155,149,20200616,00:00,2021-10-07 10:30:51.51,1119767.0,1.107885538
692,2020-06-17 00:00:00.000,279,12198,150,20200617,00:00,2021-10-07 10:30:51.51,1132823.0,1.097599821
691,2020-06-18 00:00:00.000,280,12257,151,20200618,00:00,2021-10-07 10:30:51.51,1145712.0,1.090482367
690,2020-06-19 00:00:00.000,280,12306,152,20200619,00:00,2021-10-07 10:30:51.51,1158063.0,1.082442806
689,2020-06-20 00:00:00.000,280,12373,153,20200620,00:00,2021-10-07 10:30:51.51,1170901.0,1.07644565
688,2020-06-21 00:00:00.000,280,12421,154,20200621,00:00,2021-10-07 10:30:51.51,1176463.0,1.074116736
687,2020-06-22 00:00:00.000,280,12438,155,20200622,00:00,2021-10-07 10:30:51.51,1182066.0,1.069785484
686,2020-06-23 00:00:00.000,281,12484,156,20200623,00:00,2021-10-07 10:30:51.51,1196012.0,1.063614073
685,2020-06-24 00:00:00.000,281,12535,157,20200624,00:00,2021-10-07 10:30:51.51,1208597.0,1.05482214
684,2020-06-25 00:00:00.000,282,12563,158,20200625,00:00,2021-10-07 10:30:51.51,1220478.0,1.045541779
683,2020-06-26 00:00:00.000,282,12602,159,20200626,00:00,2021-10-07 10:30:51.51,1232315.0,1.03849485
682,2020-06-27 00:00:00.000,282,12653,160,20200627,00:00,2021-10-07 10:30:51.51,1243780.0,1.033814467
681,2020-06-28 00:00:00.000,282,12715,161,20200628,00:00,2021-10-07 10:30:51.51,1251695.0,1.03148399
680,2020-06-29 00:00:00.000,282,12757,162,20200629,00:00,2021-10-07 10:30:51.51,1259954.0,1.027584568
679,2020-06-30 00:00:00.000,282,12799,163,20200630,00:00,2021-10-07 10:30:51.51,1273765.0,1.021504347
678,2020-07-01 00:00:00.000,282,12850,164,20200701,00:00,2021-10-07 10:30:51.51,1285231.0,1.015244468
677,2020-07-02 00:00:00.000,282,12904,165,20200702,00:00,2021-10-07 10:30:51.51,1295962.0,1.011142629
676,2020-07-03 00:00:00.000,282,12965,166,20200703,00:00,2021-10-07 10:30:51.51,1307759.0,1.00800887
675,2020-07-04 00:00:00.000,283,13028,167,20200704,00:00,2021-10-07 10:30:51.51,1319521.0,1.00431699
674,2020-07-05 00:00:00.000,283,13089,168,20200705,00:00,2021-10-07 10:30:51.51,1326055.0,1.003445246
673,2020-07-06 00:00:00.000,284,13137,169,20200706,00:00,2021-10-07 10:30:51.51,1331796.0,1.002438756
672,2020-07-07 00:00:00.000,285,13181,170,20200707,00:00,2021-10-07 10:30:51.51,1346194.0,0.996658649
671,2020-07-08 00:00:00.000,285,13243,171,20200708,00:00,2021-10-07 10:30:51.51,1359734.0,0.991448819
670,2020-07-09 00:00:00.000,287,13293,172,20200709,00:00,2021-10-07 10:30:51.51,1371771.0,0.986230756
669,2020-07-10 00:00:00.000,288,13338,173,20200710,00:00,2021-10-07 10:30:51.51,1384890.0,0.97975338
668,2020-07-11 00:00:00.000,288,13373,174,20200711,00:00,2021-10-07 10:30:51.51,1396941.0,0.973296041
667,2020-07-12 00:00:00.000,289,13417,175,20200712,00:00,2021-10-07 10:30:51.51,1402144.0,0.972025206
666,2020-07-13 00:00:00.000,289,13479,176,20200713,00:00,2021-10-07 10:30:51.51,1408312.0,0.972183254
665,2020-07-14 00:00:00.000,289,13512,177,20200714,00:00,2021-10-07 10:30:51.51,1420616.0,0.967681639
664,2020-07-15 00:00:00.000,289,13551,178,20200715,00:00,2021-10-07 10:30:51.51,1431316.0,0.96241599
663,2020-07-16 00:00:00.000,291,13612,179,20200716,00:00,2021-10-07 10:30:51.51,1441348.0,0.959981494
662,2020-07-17 00:00:00.000,293,13672,180,20200717,00:00,2021-10-07 10:30:51.51,1451017.0,0.957485326
661,2020-07-18 00:00:00.000,294,13711,181,20200718,00:00,2021-10-07 10:30:51.51,1460204.0,0.953954028
660,2020-07-19 00:00:00.000,295,13745,182,20200719,00:00,2021-10-07 10:30:51.51,1465299.0,0.952301111
659,2020-07-20 00:00:00.000,296,13771,183,20200720,00:00,2021-10-07 10:30:51.51,1470193.0,0.950451069
658,2020-07-21 00:00:00.000,296,13816,184,20200721,00:00,2021-10-07 10:30:51.51,1482390.0,0.947257711
657,2020-07-22 00:00:00.000,297,13879,185,20200722,00:00,2021-10-07 10:30:51.51,1492071.0,0.943944175
656,2020-07-23 00:00:00.000,297,13938,186,20200723,00:00,2021-10-07 10:30:51.51,1500854.0,0.942115779
655,2020-07-24 00:00:00.000,298,13979,187,20200724,00:00,2021-10-07 10:30:51.51,1510327.0,0.938334022
654,2020-07-25 00:00:00.000,298,14092,188,20200725,00:00,2021-10-07 10:30:51.51,1518634.0,0.940122872
653,2020-07-26 00:00:00.000,298,14150,189,20200726,00:00,2021-10-07 10:30:51.51,1522926.0,0.94100466
652,2020-07-27 00:00:00.000,299,14175,190,20200727,00:00,2021-10-07 10:30:51.51,1526974.0,0.939859595
651,2020-07-28 00:00:00.000,300,14203,191,20200728,00:00,2021-10-07 10:30:51.51,1537704.0,0.93609533
650,2020-07-29 00:00:00.000,300,14251,192,20200729,00:00,2021-10-07 10:30:51.51,1547307.0,0.932668665
649,2020-07-30 00:00:00.000,300,14269,193,20200730,00:00,2021-10-07 10:30:51.51,1556215.0,0.928247973
648,2020-07-31 00:00:00.000,301,14305,194,20200731,00:00,2021-10-07 10:30:51.51,1563796.0,0.925610787
647,2020-08-01 00:00:00.000,301,14336,195,20200801,00:00,2021-10-07 10:30:51.51,1571830.0,0.922788552
646,2020-08-02 00:00:00.000,301,14366,196,20200802,00:00,2021-10-07 10:30:51.51,1576246.0,0.921796779
645,2020-08-03 00:00:00.000,301,14389,197,20200803,00:00,2021-10-07 10:30:51.51,1579757.0,0.920980878
644,2020-08-04 00:00:00.000,301,14423,198,20200804,00:00,2021-10-07 10:30:51.51,1589780.0,0.918044933
643,2020-08-05 00:00:00.000,302,14456,199,20200805,00:00,2021-10-07 10:30:51.51,1598187.0,0.915112202
642,2020-08-06 00:00:00.000,302,14499,200,20200806,00:00,2021-10-07 10:30:51.51,1606487.0,0.912773158
641,2020-08-07 00:00:00.000,303,14519,201,20200807,00:00,2021-10-07 10:30:51.51,1613652.0,0.909379024
640,2020-08-08 00:00:00.000,304,14562,202,20200808,00:00,2021-10-07 10:30:51.51,1620514.0,0.907623929
639,2020-08-09 00:00:00.000,305,14598,203,20200809,00:00,2021-10-07 10:30:51.51,1624650.0,0.907922209
638,2020-08-10 00:00:00.000,305,14626,204,20200810,00:00,2021-10-07 10:30:51.51,1628303.0,0.907372448
637,2020-08-11 00:00:00.000,305,14660,205,20200811,00:00,2021-10-07 10:30:51.51,1637844.0,0.904740011
636,2020-08-12 00:00:00.000,305,14714,206,20200812,00:00,2021-10-07 10:30:51.51,1646652.0,0.903099964
635,2020-08-13 00:00:00.000,305,14770,207,20200813,00:00,2021-10-07 10:30:51.51,1654898.0,0.902205119
634,2020-08-14 00:00:00.000,305,14873,208,20200814,00:00,2021-10-07 10:30:51.51,1665084.0,0.904160121
633,2020-08-15 00:00:00.000,305,15039,209,20200815,00:00,2021-10-07 10:30:51.51,1675296.0,0.909427349
632,2020-08-16 00:00:00.000,305,15318,210,20200816,00:00,2021-10-07 10:30:51.51,1681787.0,0.922892283
631,2020-08-17 00:00:00.000,305,15515,211,20200817,00:00,2021-10-07 10:30:51.51,1688470.0,0.931548731
630,2020-08-18 00:00:00.000,306,15761,212,20200818,00:00,2021-10-07 10:30:51.51,1697042.0,0.942743341
629,2020-08-19 00:00:00.000,306,16058,213,20200819,00:00,2021-10-07 10:30:51.51,1715064.0,0.953539164
628,2020-08-20 00:00:00.000,307,16346,214,20200820,00:00,2021-10-07 10:30:51.51,1734083.0,0.96204722
627,2020-08-21 00:00:00.000,309,16670,215,20200821,00:00,2021-10-07 10:30:51.51,1754123.0,0.971401067
626,2020-08-22 00:00:00.000,309,17002,216,20200822,00:00,2021-10-07 10:30:51.51,1775800.0,0.980862169
625,2020-08-23 00:00:00.000,309,17398,217,20200823,00:00,2021-10-07 10:30:51.51,1791186.0,0.997808011
624,2020-08-24 00:00:00.000,309,17664,218,20200824,00:00,2021-10-07 10:30:51.51,1804422.0,1.005678004
623,2020-08-25 00:00:00.000,310,17944,219,20200825,00:00,2021-10-07 10:30:51.51,1825837.0,1.010659119
622,2020-08-26 00:00:00.000,312,18264,220,20200826,00:00,2021-10-07 10:30:51.51,1849506.0,1.016524082
621,2020-08-27 00:00:00.000,313,18705,221,20200827,00:00,2021-10-07 10:30:51.51,1869579.0,1.029139418
620,2020-08-28 00:00:00.000,316,19076,222,20200828,00:00,2021-10-07 10:30:51.51,1887717.0,1.038428835
619,2020-08-29 00:00:00.000,321,19399,223,20200829,00:00,2021-10-07 10:30:51.51,1909329.0,1.045608675
618,2020-08-30 00:00:00.000,323,19698,224,20200830,00:00,2021-10-07 10:30:51.51,1924170.0,1.055542725
617,2020-08-31 00:00:00.000,324,19946,225,20200831,00:00,2021-10-07 10:30:51.51,1937689.0,1.061062989
616,2020-09-01 00:00:00.000,324,20181,226,20200901,00:00,2021-10-07 10:30:51.51,1959080.0,1.060853045
615,2020-09-02 00:00:00.000,326,20448,227,20200902,00:00,2021-10-07 10:30:51.51,1980295.0,1.063036151
614,2020-09-03 00:00:00.000,329,20643,228,20200903,00:00,2021-10-07 10:30:51.51,2000552.0,1.061321482
613,2020-09-04 00:00:00.000,331,20841,229,20200904,00:00,2021-10-07 10:30:51.51,2018906.0,1.059726234
612,2020-09-05 00:00:00.000,333,21009,230,20200905,00:00,2021-10-07 10:30:51.51,2037045.0,1.058404972
611,2020-09-06 00:00:00.000,334,21176,231,20200906,00:00,2021-10-07 10:30:51.51,2045935.0,1.060754971
610,2020-09-07 00:00:00.000,336,21295,232,20200907,00:00,2021-10-07 10:30:51.51,2051297.0,1.062525072
609,2020-09-08 00:00:00.000,341,21431,233,20200908,00:00,2021-10-07 10:30:51.51,2066078.0,1.059520208
608,2020-09-09 00:00:00.000,344,21587,234,20200909,00:00,2021-10-07 10:30:51.51,2082234.0,1.0552373
607,2020-09-10 00:00:00.000,346,21742,235,20200910,00:00,2021-10-07 10:30:51.51,2099591.0,1.052079941
606,2020-09-11 00:00:00.000,350,21918,236,20200911,00:00,2021-10-07 10:30:51.51,2119211.0,1.048814521
605,2020-09-12 00:00:00.000,355,22054,237,20200912,00:00,2021-10-07 10:30:51.51,2135457.0,1.046388101
604,2020-09-13 00:00:00.000,358,22175,238,20200913,00:00,2021-10-07 10:30:51.51,2143270.0,1.048183346
603,2020-09-14 00:00:00.000,363,22284,239,20200914,00:00,2021-10-07 10:30:51.51,2151002.0,1.049386728
602,2020-09-15 00:00:00.000,367,22390,240,20200915,00:00,2021-10-07 10:30:51.51,2164578.0,1.047599084
601,2020-09-16 00:00:00.000,367,22503,241,20200916,00:00,2021-10-07 10:30:51.51,2178832.0,1.045197609
600,2020-09-17 00:00:00.000,372,22656,242,20200917,00:00,2021-10-07 10:30:51.51,2191892.0,1.045797975
599,2020-09-18 00:00:00.000,377,22782,243,20200918,00:00,2021-10-07 10:30:51.51,2206365.0,1.044584913
598,2020-09-19 00:00:00.000,378,22892,244,20200919,00:00,2021-10-07 10:30:51.51,2219162.0,1.043173778
597,2020-09-20 00:00:00.000,383,22974,245,20200920,00:00,2021-10-07 10:30:51.51,2226701.0,1.043121974
596,2020-09-21 00:00:00.000,385,23044,246,20200921,00:00,2021-10-07 10:30:51.51,2231589.0,1.043161934
595,2020-09-22 00:00:00.000,388,23105,247,20200922,00:00,2021-10-07 10:30:51.51,2245112.0,1.039880462
594,2020-09-23 00:00:00.000,388,23215,248,20200923,00:00,2021-10-07 10:30:51.51,2256899.0,1.038065223
593,2020-09-24 00:00:00.000,393,23340,249,20200924,00:00,2021-10-07 10:30:51.51,2268999.0,1.038156014
592,2020-09-25 00:00:00.000,395,23454,250,20200925,00:00,2021-10-07 10:30:51.51,2280276.0,1.037465813
591,2020-09-26 00:00:00.000,399,23515,251,20200926,00:00,2021-10-07 10:30:51.51,2290345.0,1.035065456
590,2020-09-27 00:00:00.000,401,23610,252,20200927,00:00,2021-10-07 10:30:51.51,2296517.0,1.036599742
589,2020-09-28 00:00:00.000,406,23660,253,20200928,00:00,2021-10-07 10:30:51.51,2301303.0,1.036484609
588,2020-09-29 00:00:00.000,407,23698,254,20200929,00:00,2021-10-07 10:30:51.51,2313044.0,1.033498649
587,2020-09-30 00:00:00.000,413,23811,255,20200930,00:00,2021-10-07 10:30:51.51,2322999.0,1.034180376
586,2020-10-01 00:00:00.000,415,23888,256,20201001,00:00,2021-10-07 10:30:51.51,2328435.0,1.034826629
585,2020-10-02 00:00:00.000,416,23951,257,20201002,00:00,2021-10-07 10:30:51.51,2333777.0,1.035145057
584,2020-10-03 00:00:00.000,420,24026,258,20201003,00:00,2021-10-07 10:30:51.51,2339859.0,1.036241273
583,2020-10-04 00:00:00.000,421,24090,259,20201004,00:00,2021-10-07 10:30:51.51,2346345.0,1.03647274
582,2020-10-05 00:00:00.000,422,24163,260,20201005,00:00,2021-10-07 10:30:51.51,2352378.0,1.037069338
581,2020-10-06 00:00:00.000,422,24238,261,20201006,00:00,2021-10-07 10:30:51.51,2365433.0,1.034619942
580,2020-10-07 00:00:00.000,425,24352,262,20201007,00:00,2021-10-07 10:30:51.51,2378073.0,1.033644816
579,2020-10-08 00:00:00.000,427,24421,263,20201008,00:00,2021-10-07 10:30:51.51,2388844.0,1.031350592
578,2020-10-09 00:00:00.000,428,24475,264,20201009,00:00,2021-10-07 10:30:51.51,2400233.0,1.028562735
577,2020-10-10 00:00:00.000,430,24547,265,20201010,00:00,2021-10-07 10:30:51.51,2404684.0,1.028921466
576,2020-10-11 00:00:00.000,432,24605,266,20201011,00:00,2021-10-07 10:30:51.51,2410483.0,1.028989871
575,2020-10-12 00:00:00.000,433,24703,267,20201012,00:00,2021-10-07 10:30:51.51,2415610.0,1.030830181
574,2020-10-13 00:00:00.000,434,24794,268,20201013,00:00,2021-10-07 10:30:51.51,2428760.0,1.029379284
573,2020-10-14 00:00:00.000,438,24878,269,20201014,00:00,2021-10-07 10:30:51.51,2441443.0,1.02672379
572,2020-10-15 00:00:00.000,439,24988,270,20201015,00:00,2021-10-07 10:30:51.51,2450739.0,1.027265623
571,2020-10-16 00:00:00.000,441,25035,271,20201016,00:00,2021-10-07 10:30:51.51,2459426.0,1.025154469
570,2020-10-17 00:00:00.000,443,25108,272,20201017,00:00,2021-10-07 10:30:51.51,2468527.0,1.02431086
569,2020-10-18 00:00:00.000,444,25199,273,20201018,00:00,2021-10-07 10:30:51.51,2474529.0,1.025705526
568,2020-10-19 00:00:00.000,444,25275,274,20201019,00:00,2021-10-07 10:30:51.51,2479226.0,1.026411361
567,2020-10-20 00:00:00.000,447,25333,275,20201020,00:00,2021-10-07 10:30:51.51,2491311.0,1.024825926
566,2020-10-21 00:00:00.000,450,25422,276,20201021,00:00,2021-10-07 10:30:51.51,2503489.0,1.0234316
565,2020-10-22 00:00:00.000,453,25543,277,20201022,00:00,2021-10-07 10:30:51.51,2515325.0,1.02355749
564,2020-10-23 00:00:00.000,455,25698,278,20201023,00:00,2021-10-07 10:30:51.51,2528621.0,1.024563121
563,2020-10-24 00:00:00.000,457,25775,279,20201024,00:00,2021-10-07 10:30:51.51,2540679.0,1.023308405
562,2020-10-25 00:00:00.000,457,25836,280,20201025,00:00,2021-10-07 10:30:51.51,2546146.0,1.023425171
561,2020-10-26 00:00:00.000,457,25955,281,20201026,00:00,2021-10-07 10:30:51.51,2552264.0,1.025281049
560,2020-10-27 00:00:00.000,460,26043,282,20201027,00:00,2021-10-07 10:30:51.51,2567587.0,1.023467883
559,2020-10-28 00:00:00.000,461,26146,283,20201028,00:00,2021-10-07 10:30:51.51,2582960.0,1.021305784
558,2020-10-29 00:00:00.000,462,26271,284,20201029,00:00,2021-10-07 10:30:51.51,2597978.0,1.021490534
557,2020-10-30 00:00:00.000,463,26384,285,20201030,00:00,2021-10-07 10:30:51.51,2612231.0,1.020318981
556,2020-10-31 00:00:00.000,464,26511,286,20201031,00:00,2021-10-07 10:30:51.51,2624492.0,1.020119177
555,2020-11-01 00:00:00.000,466,26635,287,20201101,00:00,2021-10-07 10:30:51.51,2630630.0,1.02214605
554,2020-11-02 00:00:00.000,468,26732,288,20201102,00:00,2021-10-07 10:30:51.51,2636650.0,1.023772886
553,2020-11-03 00:00:00.000,472,26807,289,20201103,00:00,2021-10-07 10:30:51.51,2649859.0,1.021591101
552,2020-11-04 00:00:00.000,474,26924,290,20201104,00:00,2021-10-07 10:30:51.51,2662259.0,1.020620136
551,2020-11-05 00:00:00.000,475,27049,291,20201105,00:00,2021-10-07 10:30:51.51,2673705.0,1.021239933
550,2020-11-06 00:00:00.000,476,27194,292,20201106,00:00,2021-10-07 10:30:51.51,2686313.0,1.02206801
549,2020-11-07 00:00:00.000,477,27283,293,20201107,00:00,2021-10-07 10:30:51.51,2697248.0,1.021440784
548,2020-11-08 00:00:00.000,478,27426,294,20201108,00:00,2021-10-07 10:30:51.51,2702879.0,1.024416645
547,2020-11-09 00:00:00.000,480,27552,295,20201109,00:00,2021-10-07 10:30:51.51,2709198.0,1.02675863
546,2020-11-10 00:00:00.000,485,27652,296,20201110,00:00,2021-10-07 10:30:51.51,2723959.0,1.025628091
545,2020-11-11 00:00:00.000,487,27797,297,20201111,00:00,2021-10-07 10:30:51.51,2736532.0,1.026536241
544,2020-11-12 00:00:00.000,487,27940,298,20201112,00:00,2021-10-07 10:30:51.51,2749770.0,1.027022378
543,2020-11-13 00:00:00.000,488,28131,299,20201113,00:00,2021-10-07 10:30:51.51,2761409.0,1.029952879
542,2020-11-14 00:00:00.000,492,28336,300,20201114,00:00,2021-10-07 10:30:51.51,2777287.0,1.033182078
541,2020-11-15 00:00:00.000,493,28544,301,20201115,00:00,2021-10-07 10:30:51.51,2786876.0,1.037775705
540,2020-11-16 00:00:00.000,494,28766,302,20201116,00:00,2021-10-07 10:30:51.51,2797689.0,1.042482446
539,2020-11-17 00:00:00.000,494,28996,303,20201117,00:00,2021-10-07 10:30:51.51,2815753.0,1.045069995
538,2020-11-18 00:00:00.000,496,29281,304,20201118,00:00,2021-10-07 10:30:51.51,2834332.0,1.048880158
537,2020-11-19 00:00:00.000,498,29606,305,20201119,00:00,2021-10-07 10:30:51.51,2853795.0,1.05424336
536,2020-11-20 00:00:00.000,501,29954,306,20201120,00:00,2021-10-07 10:30:51.51,2873380.0,1.060229637
535,2020-11-21 00:00:00.000,503,30340,307,20201121,00:00,2021-10-07 10:30:51.51,2896683.0,1.066305655
534,2020-11-22 00:00:00.000,505,30670,308,20201122,00:00,2021-10-07 10:30:51.51,2908827.0,1.074331704
533,2020-11-23 00:00:00.000,509,30941,309,20201123,00:00,2021-10-07 10:30:51.51,2922072.0,1.079732567
532,2020-11-24 00:00:00.000,510,31290,310,20201124,00:00,2021-10-07 10:30:51.51,2946336.0,1.083236082
531,2020-11-25 00:00:00.000,513,31672,311,20201125,00:00,2021-10-07 10:30:51.51,2966342.0,1.088196409
530,2020-11-26 00:00:00.000,515,32253,312,20201126,00:00,2021-10-07 10:30:51.51,2987982.0,1.099801168
529,2020-11-27 00:00:00.000,516,32808,313,20201127,00:00,2021-10-07 10:30:51.51,3009499.0,1.111057679
528,2020-11-28 00:00:00.000,522,33311,314,20201128,00:00,2021-10-07 10:30:51.51,3031940.0,1.120395702
527,2020-11-29 00:00:00.000,523,33761,315,20201129,00:00,2021-10-07 10:30:51.51,3046908.0,1.131370852
526,2020-11-30 00:00:00.000,526,34199,316,20201130,00:00,2021-10-07 10:30:51.51,3061170.0,1.140801353
525,2020-12-01 00:00:00.000,526,34650,317,20201201,00:00,2021-10-07 10:30:51.51,3083995.0,1.147691881
524,2020-12-02 00:00:00.000,526,35161,318,20201202,00:00,2021-10-07 10:30:51.51,3106968.0,1.155922091
523,2020-12-03 00:00:00.000,529,35701,319,20201203,00:00,2021-10-07 10:30:51.51,3131884.0,1.164379719
522,2020-12-04 00:00:00.000,536,36329,320,20201204,00:00,2021-10-07 10:30:51.51,3157407.0,1.174407365
521,2020-12-05 00:00:00.000,540,36906,321,20201205,00:00,2021-10-07 10:30:51.51,3180487.0,1.185080052
520,2020-12-06 00:00:00.000,545,37537,322,20201206,00:00,2021-10-07 10:30:51.51,3194858.0,1.200361224
519,2020-12-07 00:00:00.000,549,38152,323,20201207,00:00,2021-10-07 10:30:51.51,3209367.0,1.214506979
518,2020-12-08 00:00:00.000,552,38739,324,20201208,00:00,2021-10-07 10:30:51.51,3221316.0,1.231280807
517,2020-12-09 00:00:00.000,556,39409,325,20201209,00:00,2021-10-07 10:30:51.51,3253219.0,1.238519208
516,2020-12-10 00:00:00.000,564,40089,326,20201210,00:00,2021-10-07 10:30:51.51,3277946.0,1.250755807
515,2020-12-11 00:00:00.000,572,40778,327,20201211,00:00,2021-10-07 10:30:51.51,3311211.0,1.261101282
514,2020-12-12 00:00:00.000,578,41728,328,20201212,00:00,2021-10-07 10:30:51.51,3349862.0,1.278776141
513,2020-12-13 00:00:00.000,580,42758,329,20201213,00:00,2021-10-07 10:30:51.51,3374593.0,1.301825015
512,2020-12-14 00:00:00.000,587,43476,330,20201214,00:00,2021-10-07 10:30:51.51,3397037.0,1.314351878
511,2020-12-15 00:00:00.000,600,44356,331,20201215,00:00,2021-10-07 10:30:51.51,3441218.0,1.324951572
510,2020-12-16 00:00:00.000,612,45434,332,20201216,00:00,2021-10-07 10:30:51.51,3488767.0,1.338663158
509,2020-12-17 00:00:00.000,634,46448,333,20201217,00:00,2021-10-07 10:30:51.51,3538838.0,1.350397432
508,2020-12-18 00:00:00.000,645,47512,334,20201218,00:00,2021-10-07 10:30:51.51,3589795.0,1.365610315
507,2020-12-19 00:00:00.000,659,48557,335,20201219,00:00,2021-10-07 10:30:51.51,3646245.0,1.379455525
506,2020-12-20 00:00:00.000,674,49653,336,20201220,00:00,2021-10-07 10:30:51.51,3683091.0,1.401195841
505,2020-12-21 00:00:00.000,698,50577,337,20201221,00:00,2021-10-07 10:30:51.51,3713856.0,1.417748074
504,2020-12-22 00:00:00.000,722,51443,338,20201222,00:00,2021-10-07 10:30:51.51,3772425.0,1.420568769
503,2020-12-23 00:00:00.000,739,52533,339,20201223,00:00,2021-10-07 10:30:51.51,3826565.0,1.430070212
502,2020-12-24 00:00:00.000,756,53518,340,20201224,00:00,2021-10-07 10:30:51.51,3882205.0,1.434156057
501,2020-12-25 00:00:00.000,773,54758,341,20201225,00:00,2021-10-07 10:30:51.51,3939352.0,1.447642776
500,2020-12-26 00:00:00.000,793,55889,342,20201226,00:00,2021-10-07 10:30:51.51,3969409.0,1.465980589
499,2020-12-27 00:00:00.000,808,56859,343,20201227,00:00,2021-10-07 10:30:51.51,4006406.0,1.48092295
498,2020-12-28 00:00:00.000,819,57665,344,20201228,00:00,2021-10-07 10:30:51.51,4038300.0,1.490659499
497,2020-12-29 00:00:00.000,859,58709,345,20201229,00:00,2021-10-07 10:30:51.51,4098173.0,1.494928589
496,2020-12-30 00:00:00.000,879,59759,346,20201230,00:00,2021-10-07 10:30:51.51,4159516.0,1.498566232
495,2020-12-31 00:00:00.000,900,60726,347,20201231,00:00,2021-10-07 10:30:51.51,4213874.0,1.501804361
494,2021-01-01 00:00:00.000,917,61753,348,20210101,00:00,2021-10-07 10:30:51.51,4269312.0,1.508973374
493,2021-01-02 00:00:00.000,942,62573,349,20210102,00:00,2021-10-07 10:30:51.51,4302792.0,1.517507982
492,2021-01-03 00:00:00.000,962,63230,350,20210103,00:00,2021-10-07 10:30:51.51,4340832.0,1.522015425
491,2021-01-04 00:00:00.000,981,64250,351,20210104,00:00,2021-10-07 10:30:51.51,4376602.0,1.534925834
490,2021-01-05 00:00:00.000,1007,64964,352,20210105,00:00,2021-10-07 10:30:51.51,4439354.0,1.530147779
489,2021-01-06 00:00:00.000,1027,65802,353,20210106,00:00,2021-10-07 10:30:51.51,4504860.0,1.525745123
488,2021-01-07 00:00:00.000,1046,66671,354,20210107,00:00,2021-10-07 10:30:51.51,4569802.0,1.522850408
487,2021-01-08 00:00:00.000,1081,67345,355,20210108,00:00,2021-10-07 10:30:51.51,4629998.0,1.516934389
486,2021-01-09 00:00:00.000,1100,67986,356,20210109,00:00,2021-10-07 10:30:51.51,4689610.0,1.509563165
485,2021-01-10 00:00:00.000,1125,68643,357,20210110,00:00,2021-10-07 10:30:51.51,4723457.0,1.5146283
484,2021-01-11 00:00:00.000,1140,69094,358,20210111,00:00,2021-10-07 10:30:51.51,4751679.0,1.514582908
483,2021-01-12 00:00:00.000,1165,69631,359,20210112,00:00,2021-10-07 10:30:51.51,4814079.0,1.504783882
482,2021-01-13 00:00:00.000,1185,70192,360,20210113,00:00,2021-10-07 10:30:51.51,4872306.0,1.496825175
481,2021-01-14 00:00:00.000,1195,70716,361,20210114,00:00,2021-10-07 10:30:51.51,4925353.0,1.487001355
480,2021-01-15 00:00:00.000,1217,71228,362,20210115,00:00,2021-10-07 10:30:51.51,4978068.0,1.479065025
479,2021-01-16 00:00:00.000,1236,71808,363,20210116,00:00,2021-10-07 10:30:51.51,5032264.0,1.472493784
478,2021-01-17 00:00:00.000,1249,72328,364,20210117,00:00,2021-10-07 10:30:51.51,5061284.0,1.475509797
477,2021-01-18 00:00:00.000,1264,72717,365,20210118,00:00,2021-10-07 10:30:51.51,5087214.0,1.475235531
476,2021-01-19 00:00:00.000,1283,73103,366,20210119,00:00,2021-10-07 10:30:51.51,5140320.0,1.466172614
475,2021-01-20 00:00:00.000,1300,73507,367,20210120,00:00,2021-10-07 10:30:51.51,5192124.0,1.457320534
474,2021-01-21 00:00:00.000,1316,73907,368,20210121,00:00,2021-10-07 10:30:51.51,5237602.0,1.45014296
473,2021-01-22 00:00:00.000,1328,74253,369,20210122,00:00,2021-10-07 10:30:51.51,5282220.0,1.442061196
472,2021-01-23 00:00:00.000,1337,74684,370,20210123,00:00,2021-10-07 10:30:51.51,5329704.0,1.438145992
471,2021-01-24 00:00:00.000,1349,75076,371,20210124,00:00,2021-10-07 10:30:51.51,5354346.0,1.438628623
470,2021-01-25 00:00:00.000,1360,75513,372,20210125,00:00,2021-10-07 10:30:51.51,5376083.0,1.440666034
469,2021-01-26 00:00:00.000,1371,75862,373,20210126,00:00,2021-10-07 10:30:51.51,5422760.0,1.435655706
468,2021-01-27 00:00:00.000,1378,76421,374,20210127,00:00,2021-10-07 10:30:51.51,5469244.0,1.433570126
467,2021-01-28 00:00:00.000,1386,76918,375,20210128,00:00,2021-10-07 10:30:51.51,5522186.0,1.428968994
466,2021-01-29 00:00:00.000,1399,77387,376,20210129,00:00,2021-10-07 10:30:51.51,5569261.0,1.426092065
465,2021-01-30 00:00:00.000,1414,77843,377,20210130,00:00,2021-10-07 10:30:51.51,5616527.0,1.422899166
464,2021-01-31 00:00:00.000,1420,78197,378,20210131,00:00,2021-10-07 10:30:51.51,5640817.0,1.424024729
463,2021-02-01 00:00:00.000,1425,78502,379,20210201,00:00,2021-10-07 10:30:51.51,5661841.0,1.424102272
462,2021-02-02 00:00:00.000,1435,78838,380,20210202,00:00,2021-10-07 10:30:51.51,5711412.0,1.418677606
461,2021-02-03 00:00:00.000,1441,79305,381,20210203,00:00,2021-10-07 10:30:51.51,5756713.0,1.411657527
460,2021-02-04 00:00:00.000,1448,79756,382,20210204,00:00,2021-10-07 10:30:51.51,5803094.0,1.403523344
459,2021-02-05 00:00:00.000,1459,80126,383,20210205,00:00,2021-10-07 10:30:51.51,5847177.0,1.395991442
458,2021-02-06 00:00:00.000,1464,80516,384,20210206,00:00,2021-10-07 10:30:51.51,5893352.0,1.389242841
457,2021-02-07 00:00:00.000,1471,80887,385,20210207,00:00,2021-10-07 10:30:51.51,5916974.0,1.388326537
456,2021-02-08 00:00:00.000,1474,81175,386,20210208,00:00,2021-10-07 10:30:51.51,5938195.0,1.386812206
455,2021-02-09 00:00:00.000,1482,81478,387,20210209,00:00,2021-10-07 10:30:51.51,5987404.0,1.379866528
454,2021-02-10 00:00:00.000,1486,81922,388,20210210,00:00,2021-10-07 10:30:51.51,6030022.0,1.376852832
453,2021-02-11 00:00:00.000,1496,82426,389,20210211,00:00,2021-10-07 10:30:51.51,6070007.0,1.376429369
452,2021-02-12 00:00:00.000,1507,82829,390,20210212,00:00,2021-10-07 10:30:51.51,6093368.0,1.377611702
451,2021-02-13 00:00:00.000,1514,83191,391,20210213,00:00,2021-10-07 10:30:51.51,6115336.0,1.376175852
450,2021-02-14 00:00:00.000,1522,83517,392,20210214,00:00,2021-10-07 10:30:51.51,6140085.0,1.377739762
449,2021-02-15 00:00:00.000,1527,83860,393,20210215,00:00,2021-10-07 10:30:51.51,6162859.0,1.378661134
448,2021-02-16 00:00:00.000,1534,84317,394,20210216,00:00,2021-10-07 10:30:51.51,6213489.0,1.374003682
447,2021-02-17 00:00:00.000,1538,84938,395,20210217,00:00,2021-10-07 10:30:51.51,6260566.0,1.372589831
446,2021-02-18 00:00:00.000,1544,85559,396,20210218,00:00,2021-10-07 10:30:51.51,6303213.0,1.372789348
445,2021-02-19 00:00:00.000,1550,86120,397,20210219,00:00,2021-10-07 10:30:51.51,6345991.0,1.372457619
444,2021-02-20 00:00:00.000,1553,86568,398,20210220,00:00,2021-10-07 10:30:51.51,6390630.0,1.37094142
443,2021-02-21 00:00:00.000,1557,86984,399,20210221,00:00,2021-10-07 10:30:51.51,6411339.0,1.372424003
442,2021-02-22 00:00:00.000,1562,87316,400,20210222,00:00,2021-10-07 10:30:51.51,6429143.0,1.373609691
441,2021-02-23 00:00:00.000,1573,87672,401,20210223,00:00,2021-10-07 10:30:51.51,6472678.0,1.370171942
440,2021-02-24 00:00:00.000,1576,88112,402,20210224,00:00,2021-10-07 10:30:51.51,6510987.0,1.369049312
439,2021-02-25 00:00:00.000,1581,88507,403,20210225,00:00,2021-10-07 10:30:51.51,6551213.0,1.365313386
438,2021-02-26 00:00:00.000,1585,88894,404,20210226,00:00,2021-10-07 10:30:51.51,6590065.0,1.363170117
437,2021-02-27 00:00:00.000,1595,89309,405,20210227,00:00,2021-10-07 10:30:51.51,6627214.0,1.361786154
436,2021-02-28 00:00:00.000,1603,89664,406,20210228,00:00,2021-10-07 10:30:51.51,6649005.0,1.363479598
435,2021-03-01 00:00:00.000,1605,90019,407,20210301,00:00,2021-10-07 10:30:51.51,6665754.0,1.365577626
434,2021-03-02 00:00:00.000,1606,90363,408,20210302,00:00,2021-10-07 10:30:51.51,6681975.0,1.367366453
433,2021-03-03 00:00:00.000,1612,90807,409,20210303,00:00,2021-10-07 10:30:51.51,6716202.0,1.365450011
432,2021-03-04 00:00:00.000,1619,91231,410,20210304,00:00,2021-10-07 10:30:51.51,6751899.0,1.363323226
431,2021-03-05 00:00:00.000,1627,91629,411,20210305,00:00,2021-10-07 10:30:51.51,6789010.0,1.362451625
430,2021-03-06 00:00:00.000,1632,92047,412,20210306,00:00,2021-10-07 10:30:51.51,6821942.0,1.362292728
429,2021-03-07 00:00:00.000,1634,92463,413,20210307,00:00,2021-10-07 10:30:51.51,6843125.0,1.364419324
428,2021-03-08 00:00:00.000,1642,92809,414,20210308,00:00,2021-10-07 10:30:51.51,6861808.0,1.365960332
427,2021-03-09 00:00:00.000,1645,93255,415,20210309,00:00,2021-10-07 10:30:51.51,6902983.0,1.364877361
426,2021-03-10 00:00:00.000,1648,93725,416,20210310,00:00,2021-10-07 10:30:51.51,6938883.0,1.364541999
425,2021-03-11 00:00:00.000,1652,94190,417,20210311,00:00,2021-10-07 10:30:51.51,6976984.0,1.363346349
424,2021-03-12 00:00:00.000,1662,94678,418,20210312,00:00,2021-10-07 10:30:51.51,7012663.0,1.363465187
423,2021-03-13 00:00:00.000,1667,95168,419,20210313,00:00,2021-10-07 10:30:51.51,7046781.0,1.36365193
422,2021-03-14 00:00:00.000,1669,95627,420,20210314,00:00,2021-10-07 10:30:51.51,7066400.0,1.366772257
421,2021-03-15 00:00:00.000,1675,96006,421,20210315,00:00,2021-10-07 10:30:51.51,7084939.0,1.368903786
420,2021-03-16 00:00:00.000,1678,96369,422,20210316,00:00,2021-10-07 10:30:51.51,7126076.0,1.367317856
419,2021-03-17 00:00:00.000,1686,96838,423,20210317,00:00,2021-10-07 10:30:51.51,7171509.0,1.366215546
418,2021-03-18 00:00:00.000,1688,97283,424,20210318,00:00,2021-10-07 10:30:51.51,7218086.0,1.364731094
417,2021-03-19 00:00:00.000,1690,97746,425,20210319,00:00,2021-10-07 10:30:51.51,7264940.0,1.362010055
416,2021-03-20 00:00:00.000,1693,98193,426,20210320,00:00,2021-10-07 10:30:51.51,7308949.0,1.36078075
415,2021-03-21 00:00:00.000,1696,98649,427,20210321,00:00,2021-10-07 10:30:51.51,7332713.0,1.363609032
414,2021-03-22 00:00:00.000,1697,99064,428,20210322,00:00,2021-10-07 10:30:51.51,7355963.0,1.365866653
413,2021-03-23 00:00:00.000,1704,99410,429,20210323,00:00,2021-10-07 10:30:51.51,7400989.0,1.361628431
412,2021-03-24 00:00:00.000,1707,99838,430,20210324,00:00,2021-10-07 10:30:51.51,7441209.0,1.358916428
411,2021-03-25 00:00:00.000,1709,100268,431,20210325,00:00,2021-10-07 10:30:51.51,7485858.0,1.355178997
410,2021-03-26 00:00:00.000,1716,100757,432,20210326,00:00,2021-10-07 10:30:51.51,7529401.0,1.35208143
409,2021-03-27 00:00:00.000,1721,101262,433,20210327,00:00,2021-10-07 10:30:51.51,7572566.0,1.350629659
408,2021-03-28 00:00:00.000,1722,101744,434,20210328,00:00,2021-10-07 10:30:51.51,7595594.0,1.353520672
407,2021-03-29 00:00:00.000,1726,102126,435,20210329,00:00,2021-10-07 10:30:51.51,7616328.0,1.354925246
406,2021-03-30 00:00:00.000,1729,102573,436,20210330,00:00,2021-10-07 10:30:51.51,7663997.0,1.352211626
405,2021-03-31 00:00:00.000,1731,103079,437,20210331,00:00,2021-10-07 10:30:51.51,7707798.0,1.349820651
404,2021-04-01 00:00:00.000,1735,103630,438,20210401,00:00,2021-10-07 10:30:51.51,7747301.0,1.349060526
403,2021-04-02 00:00:00.000,1737,104187,439,20210402,00:00,2021-10-07 10:30:51.51,7788293.0,1.350002546
402,2021-04-03 00:00:00.000,1740,104730,440,20210403,00:00,2021-10-07 10:30:51.51,7829599.0,1.350603555
401,2021-04-04 00:00:00.000,1744,105273,441,20210404,00:00,2021-10-07 10:30:51.51,7849474.0,1.354921538
400,2021-04-05 00:00:00.000,1748,105746,442,20210405,00:00,2021-10-07 10:30:51.51,7868818.0,1.35775092
399,2021-04-06 00:00:00.000,1752,106223,443,20210406,00:00,2021-10-07 10:30:51.51,7921288.0,1.354516686
398,2021-04-07 00:00:00.000,1756,106891,444,20210407,00:00,2021-10-07 10:30:51.51,7966165.0,1.354504067
397,2021-04-08 00:00:00.000,1758,107591,445,20210408,00:00,2021-10-07 10:30:51.51,8012419.0,1.356002483
396,2021-04-09 00:00:00.000,1764,108262,446,20210409,00:00,2021-10-07 10:30:51.51,8059111.0,1.357143027
395,2021-04-10 00:00:00.000,1765,108939,447,20210410,00:00,2021-10-07 10:30:51.51,8106628.0,1.358915373
394,2021-04-11 00:00:00.000,1768,109553,448,20210411,00:00,2021-10-07 10:30:51.51,8129530.0,1.363002809
393,2021-04-12 00:00:00.000,1770,110140,449,20210412,00:00,2021-10-07 10:30:51.51,8152781.0,1.366919627
392,2021-04-13 00:00:00.000,1775,110682,450,20210413,00:00,2021-10-07 10:30:51.51,8200517.0,1.36392993
391,2021-04-14 00:00:00.000,1782,111413,451,20210414,00:00,2021-10-07 10:30:51.51,8245386.0,1.363557535
390,2021-04-15 00:00:00.000,1788,112111,452,20210415,00:00,2021-10-07 10:30:51.51,8291124.0,1.363730967
389,2021-04-16 00:00:00.000,1790,112784,453,20210416,00:00,2021-10-07 10:30:51.51,8333331.0,1.365019181
388,2021-04-17 00:00:00.000,1794,113442,454,20210417,00:00,2021-10-07 10:30:51.51,8377778.0,1.365662265
387,2021-04-18 00:00:00.000,1797,114113,455,20210418,00:00,2021-10-07 10:30:51.51,8396065.0,1.37091215
386,2021-04-19 00:00:00.000,1801,114645,456,20210419,00:00,2021-10-07 10:30:51.51,8414820.0,1.373971918
385,2021-04-20 00:00:00.000,1802,115194,457,20210420,00:00,2021-10-07 10:30:51.51,8458591.0,1.372664279
384,2021-04-21 00:00:00.000,1806,115925,458,20210421,00:00,2021-10-07 10:30:51.51,8497593.0,1.375085969
383,2021-04-22 00:00:00.000,1808,116660,459,20210422,00:00,2021-10-07 10:30:51.51,8537504.0,1.377272408
382,2021-04-23 00:00:00.000,1811,117457,460,20210423,00:00,2021-10-07 10:30:51.51,8583529.0,1.374796777
381,2021-04-24 00:00:00.000,1812,118242,461,20210424,00:00,2021-10-07 10:30:51.51,8632922.0,1.382195163
380,2021-04-25 00:00:00.000,1813,118886,462,20210425,00:00,2021-10-07 10:30:51.51,8654790.0,1.386065198
379,2021-04-26 00:00:00.000,1817,119385,463,20210426,00:00,2021-10-07 10:30:51.51,8672977.0,1.389022528
378,2021-04-27 00:00:00.000,1820,119897,464,20210427,00:00,2021-10-07 10:30:51.51,8721608.0,1.386878116
377,2021-04-28 00:00:00.000,1821,120666,465,20210428,00:00,2021-10-07 10:30:51.51,8766496.0,1.388668632
376,2021-04-29 00:00:00.000,1825,121345,466,20210429,00:00,2021-10-07 10:30:51.51,8805778.0,1.390712113
375,2021-04-30 00:00:00.000,1828,122006,467,20210430,00:00,2021-10-07 10:30:51.51,8848291.0,1.391844194
374,2021-05-01 00:00:00.000,1831,122633,468,20210501,00:00,2021-10-07 10:30:51.51,8883387.0,1.393845883
373,2021-05-02 00:00:00.000,1833,123239,469,20210502,00:00,2021-10-07 10:30:51.51,8898233.0,1.398595447
372,2021-05-03 00:00:00.000,1834,123727,470,20210503,00:00,2021-10-07 10:30:51.51,8915325.0,1.401798692
371,2021-05-04 00:00:00.000,1840,124268,471,20210504,00:00,2021-10-07 10:30:51.51,8957154.0,1.399562882
370,2021-05-05 00:00:00.000,1847,124944,472,20210505,00:00,2021-10-07 10:30:51.51,8994068.0,1.401491609
369,2021-05-06 00:00:00.000,1851,125518,473,20210506,00:00,2021-10-07 10:30:51.51,9010991.0,1.404957457
368,2021-05-07 00:00:00.000,1860,126043,474,20210507,00:00,2021-10-07 10:30:51.51,9051353.0,1.404776863
367,2021-05-08 00:00:00.000,1865,126744,475,20210508,00:00,2021-10-07 10:30:51.51,9089165.0,1.406562226
366,2021-05-09 00:00:00.000,1874,127308,476,20210509,00:00,2021-10-07 10:30:51.51,9105770.0,1.410694676
365,2021-05-10 00:00:00.000,1875,127771,477,20210510,00:00,2021-10-07 10:30:51.51,9122058.0,1.413605557
364,2021-05-11 00:00:00.000,1879,128281,478,20210511,00:00,2021-10-07 10:30:51.51,9164283.0,1.412840025
363,2021-05-12 00:00:00.000,1884,128915,479,20210512,00:00,2021-10-07 10:30:51.51,9201538.0,1.413966632
362,2021-05-13 00:00:00.000,1891,129630,480,20210513,00:00,2021-10-07 10:30:51.51,9241152.0,1.416158717
361,2021-05-14 00:00:00.000,1893,130377,481,20210514,00:00,2021-10-07 10:30:51.51,9281290.0,1.419288441
360,2021-05-15 00:00:00.000,1896,131058,482,20210515,00:00,2021-10-07 10:30:51.51,9319093.0,1.421472325
359,2021-05-16 00:00:00.000,1900,131668,483,20210516,00:00,2021-10-07 10:30:51.51,9336613.0,1.425757584
358,2021-05-17 00:00:00.000,1903,132287,484,20210517,00:00,2021-10-07 10:30:51.51,9353299.0,1.429898627
357,2021-05-18 00:00:00.000,1904,132815,485,20210518,00:00,2021-10-07 10:30:51.51,9395003.0,1.429410897
356,2021-05-19 00:00:00.000,1912,133469,486,20210519,00:00,2021-10-07 10:30:51.51,9428643.0,1.431433582
355,2021-05-20 00:00:00.000,1916,134115,487,20210520,00:00,2021-10-07 10:30:51.51,9447357.0,1.436153877
354,2021-05-21 00:00:00.000,1922,134676,488,20210521,00:00,2021-10-07 10:30:51.51,9487107.0,1.4368562
353,2021-05-22 00:00:00.000,1926,135342,489,20210522,00:00,2021-10-07 10:30:51.51,9520965.0,1.439286846
352,2021-05-23 00:00:00.000,1931,135927,490,20210523,00:00,2021-10-07 10:30:51.51,9536298.0,1.443871791
351,2021-05-24 00:00:00.000,1934,136457,491,20210524,00:00,2021-10-07 10:30:51.51,9553612.0,1.446605861
350,2021-05-25 00:00:00.000,1938,136973,492,20210525,00:00,2021-10-07 10:30:51.51,9592726.0,1.445529521
349,2021-05-26 00:00:00.000,1940,137678,493,20210526,00:00,2021-10-07 10:30:51.51,9629455.0,1.447963934
348,2021-05-27 00:00:00.000,1943,138307,494,20210527,00:00,2021-10-07 10:30:51.51,9665690.0,1.449298446
347,2021-05-28 00:00:00.000,1946,138894,495,20210528,00:00,2021-10-07 10:30:51.51,9702453.0,1.449896399
346,2021-05-29 00:00:00.000,1951,139427,496,20210529,00:00,2021-10-07 10:30:51.51,9733588.0,1.450883775
345,2021-05-30 00:00:00.000,1957,139907,497,20210530,00:00,2021-10-07 10:30:51.51,9747612.0,1.454165571
344,2021-05-30 00:00:00.0,1959,140337,498,20210531,00:00,2021-10-14 13:48:56.821,9761156.0,1.4568051768
343,2021-06-01 00:00:00.000,1963,140796,499,20210601,00:00,2021-10-07 10:30:51.51,9798400.0,1.455889634
342,2021-06-02 00:00:00.000,1965,141473,500,20210602,00:00,2021-10-07 10:30:51.51,9834348.0,1.457668392
341,2021-06-03 00:00:00.000,1968,142154,501,20210603,00:00,2021-10-07 10:30:51.51,9872322.0,1.459112138
340,2021-06-04 00:00:00.000,1969,142849,502,20210604,00:00,2021-10-07 10:30:51.51,9911322.0,1.461000475
339,2021-06-05 00:00:00.000,1971,143593,503,20210605,00:00,2021-10-07 10:30:51.51,9945952.0,1.463921944
338,2021-06-06 00:00:00.000,1973,144149,504,20210606,00:00,2021-10-07 10:30:51.51,9959695.0,1.467429756
337,2021-06-07 00:00:00.000,1974,144634,505,20210607,00:00,2021-10-07 10:30:51.51,9972295.0,1.470490004
336,2021-06-08 00:00:00.000,1975,145088,506,20210608,00:00,2021-10-07 10:30:51.51,10008582.0,1.470090853
335,2021-06-09 00:00:00.000,1977,145690,507,20210609,00:00,2021-10-07 10:30:51.51,10044782.0,1.469633196
334,2021-06-10 00:00:00.000,1979,146300,508,20210610,00:00,2021-10-07 10:30:51.51,10076861.0,1.470864122
333,2021-06-11 00:00:00.000,1981,146856,509,20210611,00:00,2021-10-07 10:30:51.51,10111063.0,1.471899741
332,2021-06-12 00:00:00.000,1982,147421,510,20210612,00:00,2021-10-07 10:30:51.51,10140534.0,1.47151213
331,2021-06-13 00:00:00.000,1985,147873,511,20210613,00:00,2021-10-07 10:30:51.51,10152906.0,1.474543917
330,2021-06-14 00:00:00.000,1988,148272,512,20210614,00:00,2021-10-07 10:30:51.51,10165496.0,1.476508035
329,2021-06-15 00:00:00.000,1992,148645,513,20210615,00:00,2021-10-07 10:30:51.51,10196468.0,1.475706268
328,2021-06-16 00:00:00.000,1993,149190,514,20210616,00:00,2021-10-07 10:30:51.51,10229383.0,1.475577311
327,2021-06-17 00:00:00.000,1994,149730,515,20210617,00:00,2021-10-07 10:30:51.51,10257835.0,1.477134747
326,2021-06-18 00:00:00.000,1996,150237,516,20210618,00:00,2021-10-07 10:30:51.51,10294047.0,1.477516692
325,2021-06-19 00:00:00.000,1997,150719,517,20210619,00:00,2021-10-07 10:30:51.51,10323153.0,1.478444312
324,2021-06-20 00:00:00.000,2002,151148,518,20210620,00:00,2021-10-07 10:30:51.51,10335633.0,1.481179366
323,2021-06-21 00:00:00.000,2004,151505,519,20210621,00:00,2021-10-07 10:30:51.51,10346046.0,1.48278272
322,2021-06-22 00:00:00.000,2006,151899,520,20210622,00:00,2021-10-07 10:30:51.51,10380042.0,1.481520134
321,2021-06-23 00:00:00.000,2007,152544,521,20210623,00:00,2021-10-07 10:30:51.51,10409948.0,1.483868388
320,2021-06-24 00:00:00.000,2008,153154,522,20210624,00:00,2021-10-07 10:30:51.51,10438781.0,1.484365384
319,2021-06-25 00:00:00.000,2009,153788,523,20210625,00:00,2021-10-07 10:30:51.51,10466544.0,1.486685106
318,2021-06-26 00:00:00.000,2012,154456,524,20210626,00:00,2021-10-07 10:30:51.51,10495515.0,1.487880387
317,2021-06-27 00:00:00.000,2013,155070,525,20210627,00:00,2021-10-07 10:30:51.51,10508677.0,1.492162323
316,2021-06-28 00:00:00.000,2015,155571,526,20210628,00:00,2021-10-07 10:30:51.51,10520928.0,1.495000281
315,2021-06-29 00:00:00.000,2017,156166,527,20210629,00:00,2021-10-07 10:30:51.51,10555740.0,1.496003116
314,2021-06-30 00:00:00.000,2018,156960,528,20210630,00:00,2021-10-07 10:30:51.51,10579071.0,1.499862255
313,2021-07-01 00:00:00.000,2021,157721,529,20210701,00:00,2021-10-07 10:30:51.51,10614315.0,1.503624138
312,2021-07-02 00:00:00.000,2024,158546,530,20210702,00:00,2021-10-07 10:30:51.51,10641601.0,1.508391023
311,2021-07-03 00:00:00.000,2025,159340,531,20210703,00:00,2021-10-07 10:30:51.51,10670616.0,1.512237172
310,2021-07-04 00:00:00.000,2026,160083,532,20210704,00:00,2021-10-07 10:30:51.51,10685124.0,1.517543135
309,2021-07-05 00:00:00.000,2028,160794,533,20210705,00:00,2021-10-07 10:30:51.51,10700133.0,1.521915262
308,2021-07-06 00:00:00.000,2032,161540,534,20210706,00:00,2021-10-07 10:30:51.51,10735715.0,1.52482307
307,2021-07-07 00:00:00.000,2033,162751,535,20210707,00:00,2021-10-07 10:30:51.51,10766500.0,1.531954059
306,2021-07-08 00:00:00.000,2034,164026,536,20210708,00:00,2021-10-07 10:30:51.51,10802780.0,1.539915705
305,2021-07-09 00:00:00.000,2036,165342,537,20210709,00:00,2021-10-07 10:30:51.51,10844215.0,1.547603102
304,2021-07-10 00:00:00.000,2038,166720,538,20210710,00:00,2021-10-07 10:30:51.51,10881638.0,1.556397131
303,2021-07-11 00:00:00.000,2043,168044,539,20210711,00:00,2021-10-07 10:30:51.51,10902276.0,1.566666486
302,2021-07-12 00:00:00.000,2044,169144,540,20210712,00:00,2021-10-07 10:30:51.51,10919896.0,1.574131766
301,2021-07-13 00:00:00.000,2046,170294,541,20210713,00:00,2021-10-07 10:30:51.51,10964297.0,1.578964888
300,2021-07-14 00:00:00.000,2048,171907,542,20210714,00:00,2021-10-07 10:30:51.51,11008857.0,1.587769115
299,2021-07-15 00:00:00.000,2050,173506,543,20210715,00:00,2021-10-07 10:30:51.51,11060454.0,1.598253496
298,2021-07-16 00:00:00.000,2051,175041,544,20210716,00:00,2021-10-07 10:30:51.51,11108582.0,1.60729781
297,2021-07-17 00:00:00.000,2055,176490,545,20210717,00:00,2021-10-07 10:30:51.51,11149223.0,1.615973942
296,2021-07-18 00:00:00.000,2057,177943,546,20210718,00:00,2021-10-07 10:30:51.51,11175977.0,1.630927675
295,2021-07-19 00:00:00.000,2058,179194,547,20210719,00:00,2021-10-07 10:30:51.51,11202429.0,1.634722225
294,2021-07-20 00:00:00.000,2059,180472,548,20210720,00:00,2021-10-07 10:30:51.51,11251982.0,1.639564831
293,2021-07-21 00:00:00.000,2060,182253,549,20210721,00:00,2021-10-07 10:30:51.51,11298669.0,1.649873688
292,2021-07-22 00:00:00.000,2063,184094,550,20210722,00:00,2021-10-07 10:30:51.51,11343913.0,1.662335814
291,2021-07-23 00:00:00.000,2066,185723,551,20210723,00:00,2021-10-07 10:30:51.51,11388299.0,1.671630834
290,2021-07-24 00:00:00.000,2068,187350,552,20210724,00:00,2021-10-07 10:30:51.51,11430518.0,1.67939231
289,2021-07-25 00:00:00.000,2073,188837,553,20210725,00:00,2021-10-07 10:30:51.51,11453340.0,1.689275533
288,2021-07-26 00:00:00.000,2077,190155,554,20210726,00:00,2021-10-07 10:30:51.51,11472339.0,1.699126896
287,2021-07-27 00:00:00.000,2079,191518,555,20210727,00:00,2021-10-07 10:30:51.51,11528602.0,1.707057587
286,2021-07-28 00:00:00.000,2083,193413,556,20210728,00:00,2021-10-07 10:30:51.51,11585607.0,1.717447696
285,2021-07-29 00:00:00.000,2085,195086,557,20210729,00:00,2021-10-07 10:30:51.51,11637500.0,1.727162415
284,2021-07-30 00:00:00.000,2089,196796,558,20210730,00:00,2021-10-07 10:30:51.51,11682962.0,1.737598412
283,2021-07-31 00:00:00.000,2095,198334,559,20210731,00:00,2021-10-07 10:30:51.51,11728815.0,1.745957213
282,2021-08-01 00:00:00.000,2098,199776,560,20210801,00:00,2021-10-07 10:30:51.51,11751780.0,1.756553576
281,2021-08-02 00:00:00.000,2099,200994,561,20210802,00:00,2021-10-07 10:30:51.51,11772599.0,1.765361674
280,2021-08-03 00:00:00.000,2104,202194,562,20210803,00:00,2021-10-07 10:30:51.51,11820011.0,1.765622622
279,2021-08-04 00:00:00.000,2106,203919,563,20210804,00:00,2021-10-07 10:30:51.51,11864240.0,1.77841233
278,2021-08-05 00:00:00.000,2109,205694,564,20210805,00:00,2021-10-07 10:30:51.51,11908430.0,1.789742069
277,2021-08-06 00:00:00.000,2113,207398,565,20210806,00:00,2021-10-07 10:30:51.51,11951646.0,1.799611891
276,2021-08-07 00:00:00.000,2116,209221,566,20210807,00:00,2021-10-07 10:30:51.51,11995923.0,1.811282604
275,2021-08-08 00:00:00.0,2121,210948,567,20210808,00:00,2021-10-28 20:31:36.737,12027437.0,1.8246269102
274,2021-08-09 00:00:00.0,2125,212439,568,20210809,00:00,2021-10-28 20:27:36.514,12057824.0,1.8329008458
273,2021-08-10 00:00:00.0,2134,213976,569,20210810,00:00,2021-10-28 20:27:07.024,12112079.0,1.8373099383
272,2021-08-11 00:00:00.0,2135,216197,570,20210811,00:00,2021-10-28 20:26:29.769,12156192.0,1.8528855321
271,2021-08-12 00:00:00.0,2138,218184,571,20210812,00:00,2021-10-28 20:25:41.348,12207035.0,1.8653085221
270,2021-08-13 00:00:00.0,2144,220173,572,20210813,00:00,2021-10-28 20:20:39.71,12257959.0,1.8788618674
269,2021-08-14 00:00:00.0,2148,222101,573,20210814,00:00,2021-10-28 20:19:59.1,12309273.0,1.8907735433
268,2021-08-15 00:00:00.0,2156,223917,574,20210815,00:00,2021-10-28 20:19:10.498,12344711.0,1.9041241268
267,2021-08-16 00:00:00.0,2167,225471,575,20210816,00:00,2021-10-28 20:18:00.209,12372769.0,1.9144144144
266,2021-08-17 00:00:00.0,2173,226843,576,20210817,00:00,2021-10-28 20:17:26.816,12404969.0,1.8771729143
265,2021-08-18 00:00:00.0,2178,228646,577,20210818,00:00,2021-10-28 20:16:22.884,12461676.0,1.9332627544
264,2021-08-19 00:00:00.0,2191,230798,578,20210819,00:00,2021-10-28 19:58:28.318,12518695.0,1.9450436142
263,2021-08-20 00:00:00.0,2197,232938,579,20210820,00:00,2021-10-28 19:57:43.769,12567090.0,1.9562292672
262,2021-08-21 00:00:00.0,2202,234725,580,20210821,00:00,2021-10-28 19:56:39.865,12632591.0,1.9618302101
261,2021-08-22 00:00:00.0,2215,236351,581,20210822,00:00,2021-10-28 19:55:44.759,12664332.0,1.9719111271
260,2021-08-23 00:00:00.0,2222,237768,582,20210823,00:00,2021-10-28 19:55:03.137,12694018.0,1.9806118815
259,2021-08-24 00:00:00.0,2228,239275,583,20210824,00:00,2021-10-28 19:54:27.094,12749751.0,1.9837816985
258,2021-08-25 00:00:00.0,2237,241429,584,20210825,00:00,2021-10-28 19:53:45.286,12806608.0,1.9937943791
257,2021-08-26 00:00:00.0,2257,243311,585,20210826,00:00,2021-10-28 19:53:00.801,12866797.0,2.0015386389
256,2021-08-27 00:00:00.0,2265,245148,586,20210827,00:00,2021-10-28 19:52:24.206,12927789.0,2.0078775950
255,2021-08-28 00:00:00.0,2276,246939,587,20210828,00:00,2021-10-28 19:51:25.711,12983486.0,2.0174245601
254,2021-08-29 00:00:00.0,2279,248558,588,20210829,00:00,2021-10-28 19:50:42.937,13015921.0,2.0284939755
253,2021-08-30 00:00:00.0,2284,250043,589,20210830,00:00,2021-10-28 19:44:30.053,13049678.0,2.0357048445
252,2021-08-31 00:00:00.0,2285,251413,590,20210831,00:00,2021-10-28 19:43:17.524,13094711.0,2.0368097463
251,2021-09-01 09:37:02.395,2292,253437,621,20210901,00:00,2021-10-28 19:42:08.953,13152140.0,2.0486112823
250,2021-09-02 09:37:25.055,2303,255397,622,20210902,00:00,2021-10-28 19:41:37.871,13223511.0,2.0590600836
249,2021-09-03 09:44:30.979,2308,257105,623,20210903,00:00,2021-10-28 19:40:56.019,13286677.0,2.0631981163
248,2021-09-04 09:41:36.458,2315,258908,624,20210904,00:00,2021-10-28 19:40:31.254,13350356.0,2.0712936609
247,2021-09-05 10:48:36.114,2321,260398,626,20210905,00:00,2021-10-28 19:40:09.375,13382733.0,2.0818451237
246,2021-09-06 09:43:09.889,2327,261773,627,20210906,00:00,2021-10-28 19:39:41.096,13416743.0,2.0899330761
245,2021-09-07 09:39:03.178,2330,263370,628,20210907,00:00,2021-10-28 19:39:14.738,13468412.0,2.0933234213
244,2021-09-08 09:39:50.468,2334,265417,629,20210908,00:00,2021-10-28 19:38:49.98,13519664.0,2.1029508357
243,2021-09-09 09:40:59.551,2343,267466,630,20210909,00:00,2021-10-28 19:38:20.905,13568869.0,2.1108607132
242,2021-09-10 09:40:06.372,2348,269359,631,20210910,00:00,2021-10-28 19:22:17.484,13615055.0,2.1165404367
241,2021-09-11 09:42:37.082,2358,271223,632,20210911,00:00,2021-10-28 19:22:56.574,13665460.0,2.1238438972
240,2021-09-12 09:35:58.19,2359,272978,633,20210912,00:00,2021-10-28 19:21:16.406,13704173.0,2.1336817950
239,2021-09-13 09:40:59.629,2360,274411,634,20210913,00:00,2021-10-28 19:20:08.897,13735740.0,2.1421622059
238,2021-09-14 09:45:02.459,2367,275919,635,20210914,00:00,2021-10-28 19:13:59.622,13790239.0,2.1429205506
237,2021-09-15 09:51:20.667,2380,277984,636,20210915,00:00,2021-10-28 19:14:12.98,13839087.0,2.1507521063
236,2021-09-16 09:51:44.269,2386,279926,637,20210916,00:00,2021-10-28 19:14:42.389,13890499.0,2.1581912906
235,2021-09-17 10:15:01.593,2389,281934,638,20210917,00:00,2021-10-28 19:14:59.754,13938955.0,2.1657706317
234,2021-09-18 09:58:15.323,2394,284021,639,20210918,00:00,2021-10-28 19:15:16.036,13986615.0,2.1732822659
233,2021-09-19 09:31:46.109,2403,285930,640,20210919,00:00,2021-09-29 20:06:48.46,14020498.0,2.1846289164
232,2021-09-20 09:09:41.18,2409,287534,641,20210920,00:00,2021-09-29 20:04:59.469,14050974.0,2.1953447092
231,2021-09-21 09:39:49.437,2413,289263,642,20210921,00:00,2021-09-29 20:03:48.311,14081284.0,2.2055202395
230,2021-09-22 09:35:53.93,2419,290983,643,20210922,00:00,2021-09-29 20:01:46.502,14112435.0,2.2187986844
229,2021-09-23 10:01:14.491,2427,292698,644,20210923,00:00,2021-10-28 19:04:10.216,14151069.0,2.2315508683
228,2021-09-24 09:53:29.116,2434,295127,645,20210924,00:00,2021-10-28 19:03:18.131,14221682.0,2.2373051937
227,2021-09-25 10:49:15.225,2441,298397,646,20210925,00:00,2021-10-27 21:20:33.866,14285337.0,2.2556083498
226,2021-09-26 09:38:04.296,2450,301165,647,20210926,00:00,2021-11-01 06:38:11.541,14325932.0,2.2765394695
225,2021-09-27 10:08:41.366,2456,303546,648,20210927,00:00,2021-11-01 06:38:21.019,14365928.0,2.2916366729
224,2021-09-28 09:57:34.945,2464,305834,649,20210928,00:00,2021-11-01 06:38:31.954,14425565.0,2.3012044013
223,2021-09-29 09:58:03.378,2474,308715,650,20210929,00:00,2021-11-01 06:38:56.4,14485251.0,2.3128818186
222,2021-09-30 09:58:40.205,2481,311276,651,20210930,00:00,2021-11-01 06:39:07.437,14544246.0,2.3238937994
221,2021-10-01 09:57:42.109,2497,313760,652,20211001,00:00,2021-11-01 06:39:17.105,14596211.0,2.3367517214
220,2021-10-02 09:52:30.389,2504,316007,653,20211002,00:00,2021-11-01 06:39:30.832,14644685.0,2.3468498991
219,2021-10-03 10:22:27.003,2507,318092,654,20211003,00:00,2021-10-28 09:26:02.548,14675115.0,2.3610926678
218,2021-10-04 09:50:15.715,2513,319762,655,20211004,00:00,2021-10-28 09:26:15.517,14701211.0,2.3712389557
217,2021-10-05 09:54:11.433,2524,321336,656,20211005,00:00,2021-10-28 09:26:38.781,14731627.0,2.3797170401
216,2021-10-06 09:49:43.197,2536,323363,657,20211006,00:00,2021-10-28 09:26:50.574,14780938.0,2.3844829530
215,2021-10-07 09:48:27.592,2544,325788,658,20211007,00:00,2021-10-28 09:27:02.424,14833965.0,2.3965178152
214,2021-10-08 09:46:59.694,2554,327959,659,20211008,00:00,2021-10-28 09:27:22.408,14882186.0,2.4027481497
213,2021-10-09 09:42:58.176,2560,329912,660,20211009,00:00,2021-10-28 09:27:35.791,14925863.0,2.4118597481
212,2021-10-10 09:40:09.109,2575,331506,661,20211010,00:00,2021-10-28 09:27:46.567,14951646.0,2.4215310314
211,2021-10-11 09:36:36.635,2583,332803,662,20211011,00:00,2021-10-28 09:28:03.328,14977407.0,2.4253840387
210,2021-10-12 10:34:11.074,2594,334149,663,20211012,00:00,2021-10-28 09:28:16.636,15007572.0,2.4335792555
209,2021-10-13 09:35:45.02,2605,335732,664,20211013,00:00,2021-10-28 09:28:28.48,15062412.0,2.4369827440
208,2021-10-14 09:34:17.552,2618,337671,665,20211014,00:00,2021-10-28 09:28:39.581,15106360.0,2.4451502864
207,2021-10-15 09:39:06.702,2626,339354,666,20211015,00:00,2021-10-28 19:13:07.804,15152521.0,2.4513858745
206,2021-10-16 09:35:29.169,2644,340971,667,20211016,00:00,2021-10-28 09:29:35.805,15198187.0,2.4521548219
205,2021-10-17 10:04:43.41,2660,342391,668,20211017,00:00,2021-10-28 09:29:46.068,15220864.0,2.4617514369
204,2021-10-18 09:39:38.125,2668,343441,669,20211018,00:00,2021-10-28 09:29:55.295,15246346.0,2.4662245130
203,2021-10-19 09:37:01.052,2689,344514,670,20211019,00:00,2021-10-28 09:30:04.103,15296830.0,2.4655589015
202,2021-10-20 09:37:29.36,2698,346085,671,20211020,00:00,2021-10-28 09:30:16.686,15344729.0,2.4685802309
201,2021-10-21 09:43:46.67,2709,347526,672,20211021,00:00,2021-10-28 09:30:26.032,15392004.0,2.4721894162
200,2021-10-22 09:40:09.614,2725,348964,673,20211022,00:00,2021-10-28 09:30:42.515,15437382.0,2.4731308076
199,2021-10-23 10:02:54.872,2745,350472,674,20211023,00:00,2021-10-28 09:30:49.899,15481469.0,2.4782031513
198,2021-10-24 09:33:19.08,2766,351893,675,20211024,00:00,2021-10-30 09:45:50.551,15504979.0,2.4867673642
197,2021-10-25 09:45:03.736,2773,353083,676,20211025,00:00,2021-10-30 09:44:54.809,15530472.0,2.4931384199
196,2021-10-26 09:39:33.439,2788,354355,677,20211026,00:00,2021-10-26 19:11:36.585,15579430.0,2.4932471843
195,2021-10-27 10:10:24.763,2797,356300,679,20211027,00:00,2021-10-30 09:44:12.063,15628306.0,2.5019099621
194,2021-10-28 09:33:44.198,2808,358411,680,20211028,00:00,2021-11-01 06:34:15.071,15678186.0,2.5082902607
193,2021-10-29 09:31:17.46,2817,360532,681,20211029,00:00,2021-11-04 09:32:05.724,15730782.0,2.5085565147
192,2021-10-30 09:42:07.803,2830,362636,682,20211030,00:00,2021-11-04 09:31:55.49,15775697.0,2.5166866619
191,2021-10-31 09:17:32.729,2849,364697,683,20211031,00:00,2021-11-04 09:31:44.097,15804062.0,2.5296141387
190,2021-11-01 06:42:25.145,2858,366382,684,20211101,00:00,2021-11-04 09:31:23.547,15849300.0,2.5398746637
189,2021-11-02 09:30:05.194,2874,367970,685,20211102,00:00,2021-11-04 09:31:12.867,15905185.0,2.5445079716
188,2021-11-03 09:28:24.308,2892,370637,686,20211103,00:00,2021-11-10 09:30:45.522,15953526.0,2.5556917627
187,2021-11-04 09:27:32.684,2916,373119,687,20211104,00:00,2021-11-10 09:30:32.046,16001231.0,2.5668151436
186,2021-11-05 09:27:51.19,2936,375462,688,20211105,00:00,2021-11-10 09:31:04.838,16051667.0,2.5757787802
185,2021-11-06 09:37:28.182,2956,377708,689,20211106,00:00,2021-11-10 09:31:27.892,16099185.0,2.5822658496
184,2021-11-07 09:29:07.692,2967,379933,690,20211107,00:00,2021-11-10 09:31:43.446,16130872.0,2.5963907494
183,2021-11-08 09:28:41.663,2980,381687,691,20211108,00:00,2021-11-13 09:42:01.038,16160828.0,2.6067095314
182,2021-11-09 09:24:09.116,2998,383404,692,20211109,00:00,2021-11-13 09:41:17.955,16212870.0,2.6095236409
181,2021-11-10 09:28:27.999,3012,385829,693,20211110,00:00,2021-11-13 09:40:59.266,16261877.0,2.6177317437
180,2021-11-11 09:27:17.639,3033,388347,694,20211111,00:00,2021-11-18 09:08:03.088,16312771.0,2.6310586971
179,2021-11-12 09:27:05.279,3051,390715,695,20211112,00:00,2021-11-18 09:08:13.992,16361028.0,2.6423856059
178,2021-11-13 09:30:57.908,3083,393039,696,20211113,00:00,2021-11-18 09:08:25.526,16408598.0,2.6527467749
177,2021-11-14 09:44:03.248,3103,395457,697,20211114,00:00,2021-11-18 09:08:34.921,16440427.0,2.6672941166
176,2021-11-15 09:35:56.024,3115,397461,698,20211115,00:00,2021-11-23 09:01:48.978,16470969.0,2.6790554752
175,2021-11-16 08:39:32.225,3137,399583,699,20211116,00:00,2021-11-23 09:01:35.496,16525384.0,2.6803405626
174,2021-11-17 08:48:17.282,3158,402772,700,20211117,00:00,2021-11-23 09:01:22.695,16575880.0,2.6964960387
173,2021-11-18 08:34:37.757,3187,406064,701,20211118,00:00,2021-11-23 09:01:10.675,16631273.0,2.7106180403
172,2021-11-19 08:54:43.169,3215,409097,702,20211119,00:00,2021-11-26 09:28:44.079,16684168.0,2.7234260964
171,2021-11-20 08:51:26.319,3244,412302,703,20211120,00:00,2021-11-26 09:28:52.855,16740119.0,2.7401775942
170,2021-11-21 09:05:22.138,3274,415422,704,20211121,00:00,2021-11-26 09:29:24.197,16777679.0,2.7608226124
169,2021-11-22 09:07:45.615,3298,418249,705,20211122,00:00,2021-11-26 09:29:38.144,16816616.0,2.7782488467
168,2021-11-23 08:59:47.863,3328,420946,706,20211123,00:00,2021-11-30 09:06:13.348,16878955.0,2.7879081456
167,2021-11-24 09:08:22.071,3362,425059,707,20211124,00:00,2021-12-02 09:06:01.826,16939923.0,
166,2021-11-25 09:00:47.897,3401,428996,708,20211125,00:00,2021-12-02 09:06:12.94,16998733.0,
165,2021-11-26 09:03:03.973,3440,432892,709,20211126,00:00,2021-12-02 09:06:24.138,17056003.0,
164,2021-11-27 09:32:36.026,3492,436959,710,20211127,00:00,2021-12-02 09:06:37.327,17115754.0,
163,2021-11-28 08:58:53.394,3548,440884,711,20211128,00:00,2021-12-02 09:06:50.152,17158535.0,
162,2021-11-29 09:05:16.736,3580,444191,712,20211129,00:00,2021-12-12 08:49:29.039,17200325.0,
161,2021-11-30 09:02:25.81,3624,447222,713,20211130,00:00,2021-12-12 08:49:40.135,17265258.0,
160,2021-12-01 09:01:08.27,3658,452344,714,20211201,00:00,2021-12-12 08:49:50.763,17329295.0,
159,2021-12-02 19:20:16.0,3705,457607,715,20211202,00:00,2021-12-12 08:50:00.156,17391434.0,
158,2021-12-03 09:09:08.418,3739,462551,716,20211203,00:00,2021-12-12 08:50:09.419,17457487.0,
157,2021-12-04 09:08:47.492,3809,467903,717,20211204,00:00,2021-12-12 08:50:18.992,17527015.0,
156,2021-12-05 08:34:20.927,3852,473028,718,20211205,00:00,2021-12-14 09:35:51.094,17577570.0,
155,2021-12-06 09:00:01.23,3893,477352,719,20211206,00:00,2021-12-14 09:35:42.827,17628218.0,
154,2021-12-07 09:03:37.814,3957,482305,720,20211207,00:00,2021-12-15 09:03:25.128,17709512.0,
153,2021-12-08 08:56:34.509,4020,489478,721,20211208,00:00,2021-12-17 09:07:45.766,17787657.0,
152,2021-12-09 09:05:11.285,4077,496853,722,20211209,00:00,2021-12-17 09:07:54.162,17870821.0,
151,2021-12-10 09:04:53.786,4130,503601,723,20211210,00:00,2021-12-17 09:08:03.447,17950721.0,
150,2021-12-11 06:19:00.000,4210,510578,724,20211211,00:00,,18024403.0,
149,2021-12-12 08:35:19.089,4252,517259,725,20211212,00:00,2021-12-20 09:03:46.785,18084589.0,
148,2021-12-13 09:00:10.891,4292,523075,726,20211213,00:00,2021-12-22 09:19:51.783,18140572.0,
147,2021-12-14 09:05:48.519,4386,528642,727,20211214,00:00,2021-12-22 09:20:01.681,18224740.0,
146,2021-12-15 09:02:08.087,4456,536491,728,20211215,00:00,2021-12-25 07:34:57.519,18298675.0,
145,2021-12-16 09:09:11.111,4518,544110,729,20211216,00:00,2021-12-25 07:35:06.184,18381569.0,
144,2021-12-17 09:07:19.97,4591,551544,730,20211217,00:00,2021-12-25 07:35:15.466,18460563.0,
143,2021-12-18 09:10:13.455,4644,558854,731,20211218,00:00,2021-12-26 08:00:22.206,18539009.0,
142,2021-12-19 09:00:28.825,4722,565087,732,20211219,00:00,2021-12-26 08:00:34.995,18593165.0,
141,2021-12-20 09:02:35.235,4776,570403,733,20211220,00:00,2021-12-26 08:00:45.727,18645857.0,
140,2021-12-21 09:01:45.74,4828,575595,734,20211221,00:00,2021-12-29 08:57:08.866,18718803.0,
139,2021-12-22 09:18:12.299,4906,583047,735,20211222,00:00,2021-12-30 09:07:39.267,18786344.0,
138,2021-12-23 08:52:40.512,5015,589961,736,20211223,00:00,2021-12-31 09:05:02.888,18859285.0,
137,2021-12-24 09:02:52.845,5071,596194,737,20211224,00:00,2021-12-31 09:05:10.596,18929158.0,
136,2021-12-25 07:33:26.751,5176,602034,738,20211225,00:00,2022-01-01 12:55:55.606,18994820.0,
135,2021-12-26 07:59:54.187,5245,607447,739,20211226,00:00,2022-01-03 08:59:43.368,19040194.0,
134,2021-12-27 08:59:50.623,5300,611650,740,20211227,00:00,2022-01-04 09:05:27.24,19082135.0,
133,2021-12-28 09:01:15.646,5346,615514,741,20211228,00:00,2022-01-04 09:05:38.235,19141481.0,
132,2021-12-29 08:56:22.982,5382,620921,742,20211229,00:00,2022-01-04 09:05:44.529,19196738.0,
131,2021-12-30 09:06:07.06,5455,625955,743,20211230,00:00,2022-01-04 09:05:54.411,19251165.0,
130,2021-12-31 09:04:09.35,5563,630828,744,20211231,00:00,2022-01-08 09:39:49.89,19309072.0,
129,2022-01-01 09:02:39.218,5625,635243,745,20220101,00:00,2022-01-08 09:40:05.3,19364122.0,
128,2022-01-02 08:57:24.688,5694,639074,746,20220102,00:00,2022-01-08 09:40:16.808,19456900.0,
127,2022-01-03 08:58:35.591,5730,642199,747,20220103,00:00,2022-01-08 09:40:28.974,19546883.0,
126,2022-01-04 09:04:35.476,5781,645220,748,20220104,00:00,2022-01-12 09:09:14.713,19671880.0,
125,2022-01-05 09:01:59.247,5838,649661,749,20220105,00:00,2022-01-12 09:09:21.324,19778824.0,
124,2022-01-06 08:59:04.372,5887,653783,750,20220106,00:00,2022-01-14 09:00:27.23,19875047.0,
123,2022-01-07 09:04:22.334,5932,657496,751,20220107,00:00,2022-01-14 09:00:38.585,19971712.0,
122,2022-01-08 08:38:42.084,5986,661003,752,20220108,00:00,2022-01-16 11:07:34.017,20046220.0,
121,2022-01-09 08:47:53.411,6037,664374,753,20220109,00:00,2022-01-16 11:07:25.748,20099870.0,
120,2022-01-10 09:06:03.096,6071,667379,754,20220110,00:00,2022-01-16 11:07:18.403,20148476.0,
119,2022-01-11 09:07:41.087,6114,670471,755,20220111,00:00,2022-01-24 14:20:11.807,20215297.0,
118,2022-01-12 09:08:49.646,6166,674854,756,20220112,00:00,2022-01-19 09:03:22.963,20277357.0,
117,2022-01-13 08:43:16.692,6210,679018,757,20220113,00:00,2022-01-19 09:03:32.883,20329715.0,
116,2022-01-14 08:59:27.905,6259,683556,758,20220114,00:00,2022-01-19 09:03:44.328,20389154.0,
115,2022-01-15 08:17:22.717,6281,687975,759,20220115,00:00,2022-01-20 09:15:33.87,20446099.0,
114,2022-01-16 09:31:40.897,6310,692164,760,20220116,00:00,2022-01-28 09:06:48.796,20489023.0,
113,2022-01-17 09:03:38.424,6333,696018,761,20220117,00:00,2022-01-28 09:06:55.793,20527722.0,
112,2022-01-18 09:03:38.28,6378,700080,762,20220118,00:00,2022-01-28 09:07:01.638,20588481.0,
111,2022-01-19 09:01:30.801,6452,705883,763,20220119,00:00,2022-01-28 09:07:08.094,20649522.0,
110,2022-01-20 09:15:13.261,6480,712483,764,20220120,00:00,2022-01-28 09:07:20.195,20709568.0,
109,2022-01-21 08:55:49.63,6501,719249,765,20220121,00:00,2022-01-28 09:07:28.893,20765930.0,
108,2022-01-22 07:26:15.458,6529,726253,766,20220122,00:00,2022-02-02 09:06:40.166,20838500.0,
107,2022-01-23 08:13:23.247,6540,733879,767,20220123,00:00,2022-02-02 09:06:30.706,20892539.0,
106,2022-01-24 08:59:37.815,6565,741390,768,20220124,00:00,2022-02-02 09:06:21.743,20943638.0,
105,2022-01-25 08:58:23.511,6588,749960,769,20220125,00:00,2022-02-02 09:06:12.847,21026346.0,
104,2022-01-26 08:59:34.44,6620,762969,770,20220126,00:00,2022-02-02 09:06:04.543,21110639.0,
103,2022-01-27 09:04:10.687,6654,777483,771,20220127,00:00,2022-02-02 09:05:52.264,21196354.0,
102,2022-01-28 09:04:52.588,6678,793576,772,20220128,00:00,2022-02-04 08:58:55.443,21269304.0,
101,2022-01-29 08:46:05.752,6712,811089,773,20220129,00:00,2022-02-04 08:59:02.84,21377393.0,
100,2022-01-30 09:13:00.269,6732,828611,774,20220130,00:00,2022-02-07 09:05:54.937,21448119.0,
99,2022-01-31 09:22:37.347,6755,845688,775,20220131,00:00,2022-02-07 09:06:04.861,21518073.0,
98,2022-02-01 09:06:24.411,6772,864026,776,20220201,00:00,2022-02-09 13:04:21.424,,
97,2022-02-02 09:04:49.92,6787,884294,777,20220202,00:00,2022-02-09 13:04:29.013,,
96,2022-02-03 08:46:14.856,6812,907200,778,20220203,00:00,2022-02-09 13:04:42.741,,
95,2022-02-04 08:58:40.476,6836,934638,779,20220204,00:00,2022-02-09 13:04:52.382,,
94,2022-02-05 10:25:08.782,6858,970983,780,20220205,00:00,2022-02-09 13:05:01.221,,
93,2022-02-06 09:21:40.142,6873,1009672,781,20220206,00:00,2022-02-09 13:05:11.818,,
92,2022-02-07 09:01:20.8,6886,1044955,782,20220207,00:00,2022-02-09 13:05:22.271,,
91,2022-02-08 10:14:19.994,6922,1081672,783,20220208,00:00,2022-02-09 13:05:32.357,,
90,2022-02-09 10:37:00.08,6943,1131239,784,20220209,00:00,,,
89,2022-02-10 09:04:23.377,6963,1185361,785,20220210,00:00,2022-02-10 09:06:18.131,,
88,2022-02-11 08:37:42.029,7012,1239264,786,20220211,00:00,2022-02-12 22:25:54.07,,
87,2022-02-12 09:06:44.105,7045,1294199,787,20220212,00:00,2022-02-13 08:50:59.578,,
86,2022-02-13 08:50:26.798,7081,1350627,788,20220213,00:00,2022-02-14 09:03:09.631,,
85,2022-02-14 09:01:51.395,7102,1405244,789,20220214,00:00,2022-02-15 09:02:24.905,,
84,2022-02-15 09:01:44.846,7163,1462408,790,20220215,00:00,2022-02-16 09:20:55.138,,
83,2022-02-16 09:20:27.8,7202,1552843,791,20220216,00:00,2022-02-17 08:52:33.561,,
82,2022-02-17 08:52:05.139,7238,1645975,792,20220217,00:00,2022-02-18 09:05:35.842,,
81,2022-02-18 09:04:59.618,7283,1755798,793,20220218,00:00,2022-02-19 09:00:52.083,,
80,2022-02-19 09:00:04.109,7354,1858008,794,20220219,00:00,2022-02-20 08:52:45.133,,
79,2022-02-20 08:51:11.122,7405,1962822,795,20220220,00:00,2022-02-21 09:05:38.992,,
78,2022-02-21 09:05:08.307,7450,2058161,796,20220221,00:00,2022-02-22 09:07:07.41,,
77,2022-02-22 09:06:38.772,7508,2157730,797,20220222,00:00,2022-02-23 09:13:50.655,,
76,2022-02-23 09:12:48.876,7607,2329172,798,20220223,00:00,2022-02-24 09:46:50.038,,
75,2022-02-24 09:45:42.528,7689,2499187,799,20220224,00:00,2022-02-25 09:19:57.585,,
74,2022-02-25 09:19:35.533,7783,2665074,800,20220225,00:00,2022-02-26 09:11:20.409,,
73,2022-02-26 09:10:30.918,7895,2831256,801,20220226,00:00,2022-03-06 09:45:32.611,,
72,2022-02-27 08:54:59.059,7944,2994817,802,20220227,00:00,2022-03-06 09:43:04.008,,
71,2022-02-28 08:56:05.34,8058,3134441,803,20220228,00:00,2022-03-06 09:42:40.367,,
70,2022-03-01 09:12:42.55,8170,3273431,804,20220301,00:00,2022-03-06 09:42:18.383,,
69,2022-03-02 09:05:42.681,8266,3492659,805,20220302,00:00,2022-03-06 09:42:03.65,,
68,2022-03-03 09:08:34.548,8394,3691459,806,20220303,00:00,2022-03-06 09:41:48.252,,
67,2022-03-04 08:59:56.036,8580,3958309,807,20220304,00:00,2022-03-06 09:41:30.29,,
66,2022-03-05 09:41:58.429,8796,4212636,808,20220305,00:00,2022-03-06 09:41:13.104,,
65,2022-03-06 09:40:46.49,8957,4456261,809,20220306,00:00,2022-03-07 09:06:48.272,,
64,2022-03-07 09:06:07.52,9096,4666970,810,20220307,00:00,2022-03-08 08:58:58.236,,
63,2022-03-08 08:58:30.75,9282,4869672,811,20220308,00:00,2022-03-09 08:58:41.872,,
62,2022-03-09 08:57:50.503,9440,5212101,812,20220309,00:00,2022-03-10 09:08:10.52,,
61,2022-03-10 09:07:48.264,9646,5539639,813,20220310,00:00,2022-03-11 08:57:08.866,,
60,2022-03-11 08:56:23.53,9875,5822612,814,20220311,00:00,2022-03-19 09:48:19.456,,
59,2022-03-12 08:53:24.338,10144,6206229,815,20220312,00:00,2022-03-19 09:47:59.929,,
58,2022-03-13 09:13:37.486,10395,6556411,816,20220313,00:00,2022-03-19 09:47:34.07,,
57,2022-03-14 09:01:32.362,10595,6866190,817,20220314,00:00,2022-03-19 09:47:04.422,,
56,2022-03-15 09:08:41.063,10888,7228473,818,20220315,00:00,2022-03-22 09:00:06.26,,
55,2022-03-16 09:07:33.011,11052,7629066,819,20220316,00:00,2022-03-23 09:20:49.513,,
54,2022-03-17 09:28:28.783,11481,8250270,820,20220317,00:00,2022-03-24 09:06:26.685,,
53,2022-03-18 09:06:55.679,11782,8657109,821,20220318,00:00,2022-03-25 09:08:11.617,,
52,2022-03-19 09:20:10.848,12101,9038522,822,20220319,00:00,2022-03-25 09:07:49.638,,
51,2022-03-20 09:22:09.424,12428,9373175,823,20220320,00:00,2022-03-25 09:07:29.159,,
50,2022-03-21 09:10:38.912,12757,9582314,824,20220321,00:00,2022-03-25 09:07:01.306,,
49,2022-03-22 08:56:35.519,13141,9936142,825,20220322,00:00,2022-03-29 09:12:46.454,,
48,2022-03-23 09:18:19.212,13432,10426913,826,20220323,00:00,2022-03-30 09:09:59.926,,
47,2022-03-24 09:03:23.4,13901,10822439,827,20220324,00:00,2022-03-31 09:07:42.756,,
46,2022-03-25 09:00:20.4,14294,11161890,828,20220325,00:00,2022-04-01 09:07:43.379,,
45,2022-03-26 08:53:27.922,14617,11497431,829,20220326,00:00,2022-04-01 09:07:16.344,,
44,2022-03-27 08:52:08.378,14899,11815506,830,20220327,00:00,2022-04-01 09:07:01.085,,
43,2022-03-28 09:06:58.274,15186,12002688,831,20220328,00:00,2022-04-01 09:06:45.033,,
42,2022-03-29 09:10:15.043,15423,12350188,832,20220329,00:00,2022-04-01 09:06:30.566,,
41,2022-03-30 09:07:48.451,15855,12774654,833,20220330,00:00,2022-04-06 13:45:06.86,,
40,2022-03-31 09:00:17.446,16230,13095337,834,20220331,00:00,2022-04-07 09:08:39.321,,
39,2022-04-01 09:04:54.638,16590,13375568,835,20220401,00:00,2022-04-08 09:09:14.895,,
38,2022-04-02 09:27:09.919,16929,13639688,836,20220402,00:00,2022-04-09 09:24:07.877,,
37,2022-04-03 09:11:21.229,17235,13873953,837,20220403,00:00,2022-04-09 09:23:35.402,,
36,2022-04-04 09:03:19.219,17453,14001116,839,20220404,00:00,2022-04-09 09:23:05.652,,
35,2022-04-05 09:05:37.473,17662,14267201,840,20220405,00:00,2022-04-12 09:10:13.425,,
34,2022-04-06 09:07:21.018,18033,14553448,841,20220406,00:00,2022-04-13 09:10:16.582,,
33,2022-04-07 09:05:52.46,18381,14778232,842,20220407,00:00,2022-04-14 09:10:37.437,,
32,2022-04-08 09:06:47.712,18754,14983531,843,20220408,00:00,2022-04-15 09:02:28.696,,
31,2022-04-09 09:00:27.673,19092,15169056,844,20220409,00:00,2022-04-16 09:26:26.083,,
30,2022-04-10 08:56:28.573,19421,15333512,845,20220410,00:00,2022-04-16 09:26:12.275,,
29,2022-04-11 09:07:55.866,19679,15424429,846,20220411,00:00,2022-04-16 09:25:56.127,,
28,2022-04-12 09:07:12.559,19850,15635144,847,20220412,00:00,2022-04-19 09:07:50.743,,
27,2022-04-13 09:07:39.457,20034,15830526,848,20220413,00:00,2022-04-20 09:08:04.743,,
26,2022-04-14 09:08:23.122,20352,15978935,849,20220414,00:00,2022-04-21 09:13:41.99,,
25,2022-04-15 09:00:09.721,20616,16104735,850,20220415,00:00,2022-04-22 09:10:59.181,,
24,2022-04-16 09:24:06.211,20889,16212617,851,20220416,00:00,2022-04-23 09:58:40.198,,
23,2022-04-17 09:22:50.974,21092,16305595,852,20220417,00:00,2022-04-23 09:58:26.82,,
22,2022-04-18 09:00:48.728,21224,16353325,853,20220418,00:00,2022-04-23 09:58:10.581,,
21,2022-04-19 09:05:13.63,21354,16471787,854,20220419,00:00,2022-04-26 09:12:56.04,,
20,2022-04-20 09:05:36.813,21520,16583076,855,20220420,00:00,2022-04-27 09:03:39.849,,
19,2022-04-21 09:05:31.131,21667,16673919,856,20220421,00:00,2022-04-28 09:04:37.11,,
18,2022-04-22 09:08:41.733,21873,16754952,857,20220422,00:00,2022-04-29 09:05:42.917,,
17,2022-04-23 08:54:03.35,22024,16830375,858,20220423,00:00,2022-04-30 09:24:15.874,,
16,2022-04-24 08:36:32.893,22133,16895079,859,20220424,00:00,2022-04-30 09:25:01.983,,
15,2022-04-25 09:02:21.688,22243,16929440,860,20220425,00:00,2022-04-30 09:23:49.525,,
14,2022-04-26 09:02:16.27,22325,17009707,861,20220426,00:00,2022-05-03 09:11:15.127,,
13,2022-04-27 09:01:55.815,22466,17086471,862,20220427,00:00,2022-05-04 09:13:13.366,,
12,2022-04-28 09:02:00.054,22588,17143917,863,20220428,00:00,2022-05-05 09:26:29.55,,
11,2022-04-29 09:03:59.658,22724,17194473,864,20220429,00:00,2022-05-05 09:26:15.183,,
10,2022-04-30 09:17:39.409,22794,17237717,865,20220430,00:00,2022-05-07 09:21:13.949,,
9,2022-05-01 09:15:03.496,22875,17275477,866,20220501,00:00,2022-05-07 09:20:49.891,,
8,2022-05-02 09:01:12.093,22958,17295553,867,20220502,00:00,2022-05-07 09:20:27.275,,
7,2022-05-03 09:08:23.319,23007,17346659,868,20220503,00:00,2022-05-10 10:09:55.309,,
6,2022-05-04 09:11:34.915,23079,17395714,869,20220504,00:00,2022-05-10 10:09:40.673,,
5,2022-05-05 09:23:43.381,23158,17438003,870,20220505,00:00,2022-05-10 10:09:24.614,,
4,2022-05-06 08:06:00.523,23206,17464705,871,20220506,00:00,2022-05-10 10:09:09.724,,
3,2022-05-07 09:18:40.439,23289,17504298,872,20220507,00:00,2022-05-10 10:08:54.652,,
2,2022-05-08 09:02:00.163,23360,17544361,873,20220508,00:00,2022-05-10 10:08:39.09,,
1,2022-05-09 09:06:19.774,23400,17564962,874,20220509,00:00,2022-05-10 10:08:23.914,,
0,2022-05-10 09:02:38.129,23462,17614895,875,20220510,00:00,null,,
